scenario,time,body_x,body_y,body_z,velocity_x,velocity_y,velocity_z,projected_com_x,projected_com_z,predicted_com_x,predicted_com_z,left_x,left_y,left_z,left_phase,left_load,right_x,right_y,right_z,right_phase,right_load,support_x,support_z,balance_error,recovery_urgency,fallen,desired_x,desired_z,actual_displacement
walk,0,0,0,-0.000237428,0,0,-0.0142457,5.808e-05,-0.000134004,5.808e-05,-0.00355296,-0.12,0,0,1,0.380952,0.12,0,0,0,0.619048,0.0285714,0,0.0285137,0,0,-0,-1,0.000237428
walk,0.0166667,0,0,-0.000699444,0,0,-0.027721,0.000227824,-0.000402342,0.000227824,-0.00705538,-0.12,0,0,1,0.261905,0.12,0,0,0,0.738095,0.0571429,0,0.0569165,0,0,-0,-1,0.000462017
walk,0.0333333,0,0,-0.00138823,0,0,-0.041327,0.000558238,-0.00081316,0.000558238,-0.0107316,-0.12,0,0,1,0.142857,0.12,0,0,0,0.857143,0.0857143,0,0.0851599,0,0,-0,-1,0.000688784
walk,0.05,0,0,-0.00232072,0,0,-0.0559496,0.00110532,-0.00138274,0.00110532,-0.0148107,-0.12,0,0,1,0.0238095,0.12,0,0,0,0.976191,0.114286,0,0.113189,0,0,-0,-1,0.000932494
walk,0.0666667,0,0,-0.00349879,0,0,-0.0706838,0.00184985,-0.00211909,0.00184985,-0.0190832,-0.12,0,0,2,0,0.12,0,0,0,1,0.12,0,0.118169,0,0,-0,-1,0.00117806
walk,0.0833333,0,0,-0.00491833,0,0,-0.0851724,0.00277249,-0.00302659,0.00277249,-0.023468,-0.12,0.0157714,-0.0292969,2,0,0.12,0,0,0,1,0.12,0,0.117267,0,0,-0,-1,0.00141954
walk,0.1,0,0,-0.00657532,0,0,-0.0994195,0.00385393,-0.00410914,0.00385393,-0.0279698,-0.12,0.0307317,-0.0585938,2,0,0.12,0,0,0,1,0.12,0,0.116219,0,0,-0,-1,0.00165699
walk,0.116667,0,0,-0.00846581,0,0,-0.113429,0.00507504,-0.00537019,0.00507504,-0.0325932,-0.12,0.0441117,-0.0878906,2,0,0.12,0,0,0,1,0.12,0,0.11505,0,0,-0,-1,0.00189049
walk,0.133333,0,0,-0.0105859,0,0,-0.127205,0.00641699,-0.00681269,0.00641699,-0.037342,-0.12,0.0552234,-0.117188,2,0,0.12,0,0,0,1,0.12,0,0.113787,0,0,-0,-1,0.00212009
walk,0.15,0,0,-0.0129318,0,0,-0.140752,0.00786136,-0.00843915,0.00786136,-0.0422196,-0.12,0.0634952,-0.146484,2,0,0.12,0,0,0,1,0.12,0,0.112456,0,0,-0,-1,0.00234587
walk,0.166667,0,0,-0.0154996,0,0,-0.154073,0.00939027,-0.0102515,0.00939027,-0.047229,-0.12,0.0685019,-0.175781,2,0,0.12,0,0,0,1,0.12,0,0.111084,0,0,-0,-1,0.00256788
walk,0.183333,0,0,-0.0182858,0,0,-0.167172,0.0109865,-0.0122514,0.0109865,-0.0523726,-0.12,0.069986,-0.205078,2,0,0.12,0,0,0,1,0.12,0,0.1097,0,0,-0,-1,0.00278619
walk,0.2,0,0,-0.0212867,0,0,-0.180052,0.0126334,-0.0144397,0.0126334,-0.0576522,-0.12,0.0678712,-0.234375,2,0,0.12,0,0,0,1,0.12,0,0.108333,0,0,-0,-1,0.00300087
walk,0.216667,0,0,-0.0244987,0,0,-0.192718,0.0143153,-0.0168172,0.0143153,-0.0630695,-0.12,0.0622661,-0.263672,2,0,0.12,0,0,0,1,0.12,0,0.107014,0,0,-0,-1,0.00321196
walk,0.233333,0,0,-0.0279182,0,0,-0.205173,0.0160173,-0.0193838,0.0160173,-0.0686252,-0.12,0.0534591,-0.292969,2,0,0.12,0,0,0,1,0.12,0,0.105774,0,0,-0,-1,0.00341954
walk,0.25,0,0,-0.0315419,0,0,-0.21742,0.0177253,-0.0221394,0.0177253,-0.0743201,-0.12,0.0419031,-0.322266,2,0,0.12,0,0,0,1,0.12,0,0.104644,0,0,-0,-1,0.00362366
walk,0.266667,0,0,-0.0353663,0,0,-0.229463,0.0194262,-0.0250832,0.0194262,-0.0801542,-0.12,0.0281923,-0.351563,2,0,0.12,0,0,0,1,0.12,0,0.103655,0,0,-0,-1,0.00382438
walk,0.283333,0,0,-0.039388,0,0,-0.241305,0.0211079,-0.028214,0.0211079,-0.0861272,-0.12,0.0130316,-0.380859,2,0,0.12,0,0,0,1,0.12,0,0.102838,0,0,-0,-1,0.00402175
walk,0.3,0,0,-0.0436038,0,0,-0.25295,0.0227593,-0.0315305,0.0227593,-0.0922384,-0.12,0,-0.405,3,0,0.12,0,0,0,1,0.12,0,0.102225,0,0,-0,-1,0.00421583
walk,0.316667,0,0,-0.0480105,0,0,-0.264401,0.0243703,-0.0350306,0.0243703,-0.0984868,-0.12,0,-0.405,4,0,0.12,0,0,0,1,0.12,0,0.101844,0,0,-0,-1,0.00440668
walk,0.333333,0,0,-0.0526049,0,0,-0.275661,0.0258911,-0.0387679,0.0258911,-0.104926,-0.12,0,-0.405,4,0.0833333,0.12,0,0,0,0.916667,0.1,-0.03375,0.0742786,0,0,-0,-1,0.00459435
walk,0.35,0,0,-0.0573837,0,0,-0.286733,0.0272761,-0.042791,0.0272761,-0.111607,-0.12,0,-0.405,4,0.166667,0.12,0,0,0,0.833333,0.08,-0.0675,0.0582266,0,0,-0,-1,0.00477888
walk,0.366667,0,0,-0.0623441,0,0,-0.297621,0.028484,-0.0471441,0.028484,-0.118573,-0.12,0,-0.405,4,0.25,0.12,0,0,0,0.75,0.06,-0.10125,0.0626156,0,0,-0,-1,0.00496035
walk,0.383333,0,0,-0.0674829,0,0,-0.308327,0.0294776,-0.0518667,0.0294776,-0.125865,-0.12,0,-0.405,4,0.333333,0.12,0,0,0,0.666667,0.04,-0.135,0.0837966,0,0,-0,-1,0.00513879
walk,0.4,0,0,-0.0727971,0,0,-0.318855,0.0302238,-0.0569938,0.0302238,-0.133519,-0.12,0,-0.405,4,0.416667,0.12,0,0,0,0.583333,0.02,-0.16875,0.112223,0,0,-0,-1,0.00531425
walk,0.416667,0,0,-0.0782839,0,0,-0.329207,0.0306939,-0.0625558,0.0306939,-0.141566,-0.12,0,-0.405,0,0.5,0.12,0,0,0,0.5,0,-0.2025,0.143271,0,0,-0,-1,0.00548679
walk,0.433333,0,0,-0.0839404,0,0,-0.339387,0.0309038,-0.0685231,0.0309038,-0.149976,-0.12,0,-0.405,0,0.5,0.12,0,0,0,0.5,0,-0.2025,0.137495,0,0,-0,-1,0.00565646
walk,0.45,0,0,-0.0897637,0,0,-0.349398,0.03087,-0.0748662,0.03087,-0.158722,-0.12,0,-0.405,0,0.5,0.12,0,0,0,0.5,0,-0.2025,0.131314,0,0,-0,-1,0.00582329
walk,0.466667,0,0,-0.095751,0,0,-0.359241,0.03061,-0.0815556,0.03061,-0.167773,-0.12,0,-0.405,0,0.5,0.12,0,0,0,0.5,0,-0.2025,0.124758,0,0,-0,-1,0.00598735
walk,0.483333,0,0,-0.101876,0,0,-0.367499,0.0300833,-0.0886282,0.0300833,-0.176828,-0.12,0,-0.405,0,0.619048,0.12,0,0,1,0.380952,-0.0285714,-0.250714,0.172373,0,0,-0,-1,0.00612499
walk,0.5,0,0,-0.108127,0,0,-0.375087,0.0292546,-0.0961232,0.0292546,-0.186144,-0.12,0,-0.405,0,0.738095,0.12,0,0,1,0.261905,-0.0571429,-0.298929,0.220442,0,0,-0,-1,0.00625145
walk,0.516667,-5.43322e-05,0,-0.114628,-0.00325993,0,-0.390021,0.0280386,-0.104201,0.0272563,-0.197806,-0.12,0,-0.405,0,0.857143,0.12,0,0,1,0.142857,-0.0857143,-0.347143,0.268255,0,0,-0,-1,0.00650058
walk,0.533333,-0.000295988,0,-0.121658,-0.0144994,0,-0.421802,0.0262648,-0.113185,0.022785,-0.214417,-0.12,0,-0.405,0,0.976191,0.12,0,0,1,0.0238095,-0.114286,-0.395357,0.315239,0.00733013,0,-0,-1,0.00703418
walk,0.55,-0.00070483,0,-0.129175,-0.0245305,0,-0.451037,0.023991,-0.122982,0.0181036,-0.23123,-0.12,0,-0.405,0,1,0.12,0,0,2,0,-0.12,-0.405,0.316651,0.0343243,0,-0,-1,0.00752839
walk,0.566667,-0.0012584,0,-0.137128,-0.0332141,0,-0.477155,0.0212775,-0.133491,0.0133061,-0.248008,-0.12,0,-0.405,0,1,0.12,0.0165317,-0.0369955,2,0,-0.12,-0.405,0.306066,0.0534306,0,-0,-1,0.00797182
walk,0.583333,-0.00193214,0,-0.145461,-0.0404244,0,-0.499971,0.0181866,-0.144611,0.00848469,-0.264604,-0.12,0,-0.405,0,1,0.12,0.0323308,-0.0740961,2,0,-0.12,-0.405,0.294785,0.0605389,0,-0,-1,0.00836004
walk,0.6,-0.00269962,0,-0.154116,-0.0460488,0,-0.519352,0.014782,-0.156237,0.00373024,-0.280882,-0.12,0,-0.405,0,1,0.12,0.0463099,-0.111187,2,0,-0.12,-0.405,0.282929,0.0598503,0,-0,-1,0.00868983
walk,0.616667,-0.00353274,0,-0.163037,-0.0499874,0,-0.535219,0.0111282,-0.168266,-0.000868756,-0.296719,-0.12,0,-0.405,0,1,0.12,0.0577074,-0.148233,2,0,-0.12,-0.405,0.270624,0.0568519,0,-0,-1,0.00895914
walk,0.633333,-0.00440195,0,-0.172162,-0.0521523,0,-0.547537,0.00729034,-0.180594,-0.0052262,-0.312003,-0.12,0,-0.405,0,1,0.12,0.0659373,-0.185223,2,0,-0.12,-0.405,0.257994,0.0530618,0,-0,-1,0.00916692
walk,0.65,-0.00527639,0,-0.181434,-0.0524663,0,-0.556313,0.0033333,-0.193119,-0.00925862,-0.326634,-0.12,0,-0.405,0,1,0.12,0.0706124,-0.22216,2,0,-0.12,-0.405,0.245163,0.0495243,0,-0,-1,0.00931303
walk,0.666667,-0.00613625,0,-0.190815,-0.0515919,0,-0.562846,-0.000690481,-0.205763,-0.0130725,-0.340846,-0.12,0,-0.405,0,1,0.12,0.0715118,-0.25905,2,0,-0.12,-0.405,0.232229,0.0462227,0,-0,-1,0.0094201
walk,0.683333,-0.00698178,0,-0.200303,-0.050732,0,-0.569262,-0.00475034,-0.218487,-0.016926,-0.35511,-0.12,0,-0.405,0,1,0.12,0.0686138,-0.295894,2,0,-0.12,-0.405,0.219248,0.0431412,0,-0,-1,0.0095253
walk,0.7,-0.00781323,0,-0.209895,-0.0498865,0,-0.575561,-0.00881741,-0.231252,-0.0207902,-0.369387,-0.12,0,-0.405,0,1,0.12,0.0620955,-0.332696,2,0,-0.12,-0.405,0.206276,0.0402651,0,-0,-1,0.00962866
walk,0.716667,-0.00863081,0,-0.219591,-0.0490551,0,-0.581748,-0.0128647,-0.244024,-0.0246379,-0.383644,-0.12,0,-0.405,0,1,0.12,0.0523213,-0.369459,2,0,-0.12,-0.405,0.193368,0.0375808,0,-0,-1,0.00973021
walk,0.733333,-0.00943477,0,-0.229388,-0.0482375,0,-0.587824,-0.0168673,-0.256771,-0.0284443,-0.397849,-0.12,0,-0.405,0,1,0.12,0.0398222,-0.406186,2,0,-0.12,-0.405,0.180577,0.0350754,0,-0,-1,0.00983
walk,0.75,-0.0102253,0,-0.239285,-0.0474335,0,-0.593792,-0.0208021,-0.269464,-0.0321862,-0.411974,-0.12,0,-0.405,0,1,0.12,0.0252678,-0.442878,2,0,-0.12,-0.405,0.167959,0.032737,0,-0,-1,0.00992806
walk,0.766667,-0.0110027,0,-0.249279,-0.0466429,0,-0.599654,-0.0246483,-0.282077,-0.0358427,-0.425994,-0.12,0,-0.405,0,1,0.12,0.0094299,-0.479539,2,0,-0.12,-0.405,0.15557,0.0305546,0,-0,-1,0.0100244
walk,0.783333,-0.0117671,0,-0.259369,-0.0458656,0,-0.605412,-0.0283871,-0.294586,-0.0393948,-0.439885,-0.12,0,-0.405,0,1,0.12,0,-0.500751,3,0,-0.12,-0.405,0.143472,0.0285176,0,-0,-1,0.0101191
walk,0.8,-0.0125188,0,-0.269554,-0.0451011,0,-0.611068,-0.0320015,-0.306972,-0.0428258,-0.453628,-0.12,0,-0.405,0,1,0.12,0,-0.500751,4,0,-0.12,-0.405,0.131732,0.0266164,0,-0,-1,0.0102122
walk,0.816667,-0.013258,0,-0.279831,-0.0443495,0,-0.616625,-0.0354363,-0.319228,-0.0460802,-0.467218,-0.12,0,-0.405,0,0.916667,0.12,0,-0.500751,4,0.0833333,-0.1,-0.412979,0.113832,0.024842,0,-0,-1,0.0103036
walk,0.833333,-0.0139848,0,-0.290199,-0.0436103,0,-0.622084,-0.0386412,-0.331353,-0.0491077,-0.480653,-0.12,0,-0.405,0,0.833333,0.12,0,-0.500751,4,0.166667,-0.08,-0.420959,0.0986899,0.0231859,0,-0,-1,0.0103935
walk,0.85,-0.0146995,0,-0.300656,-0.0428835,0,-0.627448,-0.0415712,-0.343344,-0.0518632,-0.493932,-0.12,0,-0.405,0,0.75,0.12,0,-0.500751,4,0.25,-0.06,-0.428938,0.0875548,0.0216401,0,-0,-1,0.0104819
walk,0.866667,-0.0154024,0,-0.311202,-0.0421687,0,-0.632717,-0.0441864,-0.355202,-0.0543069,-0.507055,-0.12,0,-0.405,0,0.666667,0.12,0,-0.500751,4,0.333333,-0.04,-0.436917,0.0818218,0.0201975,0,-0,-1,0.0105687
walk,0.883333,-0.0160935,0,-0.321833,-0.0414659,0,-0.637895,-0.0464521,-0.366928,-0.0564039,-0.520023,-0.12,0,-0.405,0,0.583333,0.12,0,-0.500751,4,0.416667,-0.02,-0.444896,0.0823332,0.018851,0,-0,-1,0.010654
walk,0.9,-0.016773,0,-0.33255,-0.0407748,0,-0.642983,-0.0483383,-0.378524,-0.0581243,-0.53284,-0.12,0,-0.405,0,0.5,0.12,0,-0.500751,0,0.5,0,-0.452875,0.0886834,0.0175942,0,-0,-1,0.0107379
walk,0.916667,-0.0174413,0,-0.343349,-0.0400952,0,-0.647983,-0.0498609,-0.389981,-0.0594838,-0.545496,-0.12,0,-0.405,0,0.5,0.12,0,-0.500751,0,0.5,0,-0.452875,0.0802613,0.0164213,0,-0,-1,0.0108204
walk,0.933333,-0.0180984,0,-0.354231,-0.039427,0,-0.652896,-0.0510369,-0.40129,-0.0604994,-0.557985,-0.12,0,-0.405,0,0.5,0.12,0,-0.500751,0,0.5,0,-0.452875,0.0725659,0.0153265,0,-0,-1,0.0109014
walk,0.95,-0.0187446,0,-0.365193,-0.0387699,0,-0.657724,-0.051885,-0.412447,-0.0611897,-0.570301,-0.12,0,-0.405,0,0.5,0.12,0,-0.500751,0,0.5,0,-0.452875,0.0657761,0.0143048,0,-0,-1,0.0109811
walk,0.966667,-0.01938,0,-0.37621,-0.0381237,0,-0.661044,-0.0523665,-0.423453,-0.0615162,-0.582104,-0.12,0,-0.405,1,0.380952,0.12,0,-0.500751,0,0.619048,0.0285714,-0.464274,0.0906494,0.0133511,0,-0,-1,0.0110357
walk,0.983333,-0.0200048,0,-0.387273,-0.0374883,0,-0.663772,-0.0524484,-0.434318,-0.0614456,-0.593623,-0.12,0,-0.405,1,0.261905,0.12,0,-0.500751,0,0.738095,0.0571429,-0.475673,0.117135,0.012461,0,-0,-1,0.0110805
walk,1,-0.0206192,0,-0.398387,-0.0368635,0,-0.666808,-0.0521029,-0.445058,-0.0609501,-0.605092,-0.12,0,-0.405,1,0.142857,0.12,0,-0.500751,0,0.857143,0.0857143,-0.487072,0.144079,0.0116303,0,-0,-1,0.0111304
walk,1.01667,-0.0212233,0,-0.409571,-0.0362491,0,-0.671038,-0.0512953,-0.455706,-0.0599951,-0.616755,-0.12,0,-0.405,1,0.0238095,0.12,0,-0.500751,0,0.976191,0.114286,-0.498471,0.171014,0.0108549,0,-0,-1,0.0112003
walk,1.03333,-0.0218174,0,-0.42083,-0.035645,0,-0.675552,-0.0500667,-0.46626,-0.0586215,-0.628392,-0.12,0,-0.405,2,0,0.12,0,-0.500751,0,1,0.12,-0.500751,0.173529,0.0105838,0,-0,-1,0.0112749
walk,1.05,-0.0224016,0,-0.432163,-0.0350509,0,-0.680002,-0.0484583,-0.476717,-0.0568705,-0.639918,-0.121417,0.0159669,-0.431562,2,0,0.12,0,-0.500751,0,1,0.12,-0.500751,0.170164,0.0139488,0,-0,-1,0.0113484
walk,1.06667,-0.022976,0,-0.44357,-0.0344667,0,-0.684391,-0.0465111,-0.487077,-0.0547831,-0.651331,-0.122836,0.0312048,-0.458174,2,0,0.12,0,-0.500751,0,1,0.12,-0.500751,0.167072,0.0187327,0,-0,-1,0.011421
walk,1.08333,-0.0235409,0,-0.455048,-0.0338923,0,-0.688726,-0.0442656,-0.49734,-0.0523998,-0.662634,-0.124258,0.0449394,-0.484849,2,0,0.12,0,-0.500751,0,1,0.12,-0.500751,0.164301,0.0247353,0,-0,-1,0.0114927
walk,1.1,-0.0240963,0,-0.466599,-0.0333274,0,-0.693009,-0.0417621,-0.507507,-0.0497606,-0.673829,-0.125685,0.0564493,-0.511599,2,0,0.12,0,-0.500751,0,1,0.12,-0.500751,0.161903,0.0318065,0,-0,-1,0.0115635
walk,1.11667,-0.0246425,0,-0.478219,-0.0327719,0,-0.697245,-0.0390394,-0.517579,-0.0469047,-0.684918,-0.127116,0.0651038,-0.538434,2,0,0.12,0,-0.500751,0,1,0.12,-0.500751,0.159927,0.0398344,0,-0,-1,0.0116336
walk,1.13333,-0.0251796,0,-0.48991,-0.0322257,0,-0.701437,-0.0361356,-0.52756,-0.0438698,-0.695905,-0.128552,0.0703983,-0.565364,2,0,0.12,0,-0.500751,0,1,0.12,-0.500751,0.15842,0.0487359,0,-0,-1,0.0117029
walk,1.15,-0.0257078,0,-0.50167,-0.0316886,0,-0.705588,-0.0330872,-0.537453,-0.0406925,-0.706794,-0.129994,0.0719843,-0.592398,2,0,0.12,0,-0.500751,0,1,0.12,-0.500751,0.157425,0.0584494,0,-0,-1,0.0117717
walk,1.16667,-0.0262271,0,-0.513498,-0.0311605,0,-0.709702,-0.0299295,-0.547262,-0.037408,-0.717591,-0.131442,0.0696945,-0.619547,2,0,0.12,0,-0.500751,0,1,0.12,-0.500751,0.156978,0.0689288,0,-0,-1,0.0118398
walk,1.18333,-0.0267378,0,-0.525394,-0.0306412,0,-0.713781,-0.0266957,-0.556993,-0.0340495,-0.728301,-0.132896,0.0635595,-0.646817,2,0,0.12,0,-0.500751,0,1,0.12,-0.500751,0.157108,0.080139,0,-0,-1,0.0119073
walk,1.2,-0.02724,0,-0.537358,-0.0301305,0,-0.717827,-0.0234175,-0.566652,-0.0306488,-0.73893,-0.134357,0.0538153,-0.67422,2,0,0.12,0,-0.500751,0,1,0.12,-0.500751,0.157834,0.0920521,0,-0,-1,0.0119743
walk,1.21667,-0.0277338,0,-0.549389,-0.0296283,0,-0.721844,-0.0201247,-0.576243,-0.0272355,-0.749485,-0.135826,0.0409015,-0.701763,2,0,0.12,0,-0.500751,0,1,0.12,-0.500751,0.159166,0.104645,0,-0,-1,0.0120409
walk,1.23333,-0.0282194,0,-0.561486,-0.0291345,0,-0.725834,-0.0168449,-0.585774,-0.0238372,-0.759974,-0.137303,0.0254485,-0.729456,2,0,0.12,0,-0.500751,0,1,0.12,-0.500751,0.161107,0.117898,0,-0,-1,0.012107
walk,1.25,-0.0286968,0,-0.57365,-0.0286489,0,-0.729799,-0.0136038,-0.595251,-0.0204796,-0.770402,-0.138788,0.00825391,-0.757307,2,0,0.12,0,-0.500751,0,1,0.12,-0.500751,0.163647,0.131793,0,-0,-1,0.0121727
walk,1.26667,-0.0291664,0,-0.585879,-0.0281714,0,-0.733741,-0.010425,-0.604681,-0.0171861,-0.780779,-0.139475,0,-0.770193,3,0,0.12,0,-0.500751,0,1,0.12,-0.500751,0.16677,0.146311,0,-0,-1,0.012238
walk,1.28333,-0.0296281,0,-0.598173,-0.0277019,0,-0.737663,-0.00732962,-0.614072,-0.0139781,-0.791111,-0.139475,0,-0.770193,4,0,0.12,0,-0.500751,0,1,0.12,-0.500751,0.170454,0.161434,0,-0,-1,0.012303
walk,1.3,-0.0300821,0,-0.610532,-0.0272402,0,-0.741567,-0.00438098,-0.623468,-0.0109186,-0.801444,-0.139475,0,-0.770193,4,0.0833333,0.12,0,-0.500751,0,0.916667,0.0983771,-0.523205,0.143569,0.177144,0,-0,-1,0.0123678
walk,1.31667,-0.0305285,0,-0.622956,-0.0267862,0,-0.745409,-0.0016366,-0.63291,-0.00806529,-0.811808,-0.139475,0,-0.770193,4,0.166667,0.12,0,-0.500751,0,0.833333,0.0767541,-0.545658,0.117294,0.178239,0,-0,-1,0.0124315
walk,1.33333,-0.0309675,0,-0.635442,-0.0263398,0,-0.749178,0.00085156,-0.642435,-0.00546998,-0.822238,-0.139475,0,-0.770193,4,0.25,0.12,0,-0.500751,0,0.75,0.0551312,-0.568111,0.0920343,0.175255,0,-0,-1,0.012494
walk,1.35,-0.0313992,0,-0.64799,-0.0259008,0,-0.752849,0.00303714,-0.65208,-0.00317905,-0.832763,-0.139475,0,-0.770193,4,0.333333,0.12,0,-0.500751,0,0.666667,0.0335082,-0.590565,0.0686481,0.163571,0,-0,-1,0.0125549
walk,1.36667,-0.0318237,0,-0.660597,-0.0254691,0,-0.756426,0.00487934,-0.661875,-0.00123325,-0.843417,-0.139475,0,-0.770193,4,0.416667,0.12,0,-0.500751,0,0.583333,0.0118853,-0.613019,0.0493559,0.152667,0,-0,-1,0.0126142
walk,1.38333,-0.0322411,0,-0.673262,-0.0250446,0,-0.759913,0.00634279,-0.671849,0.000332089,-0.854228,-0.139475,0,-0.770193,0,0.5,0.12,0,-0.500751,0,0.5,-0.00973766,-0.635472,0.0397727,0.142489,0,-0,-1,0.0126721
walk,1.4,-0.0326515,0,-0.685984,-0.0246272,0,-0.763313,0.00744139,-0.681991,0.00153086,-0.865186,-0.139475,0,-0.770193,0,0.5,0.12,0,-0.500751,0,0.5,-0.00973766,-0.635472,0.04959,0.13299,0,-0,-1,0.0127285
walk,1.41667,-0.0330551,0,-0.698761,-0.0242167,0,-0.76663,0.00819075,-0.69229,0.00237874,-0.876282,-0.139475,0,-0.770193,0,0.5,0.12,0,-0.500751,0,0.5,-0.00973766,-0.635472,0.0595798,0.124124,0,-0,-1,0.0127835
walk,1.43333,-0.033452,0,-0.711568,-0.0238131,0,-0.768415,0.0085453,-0.702774,0.00283015,-0.887193,-0.139475,0,-0.770193,0,0.619048,0.12,0,-0.500751,1,0.380952,-0.0406276,-0.667548,0.0604879,0.115849,0,-0,-1,0.0128131
walk,1.45,-0.0338423,0,-0.724395,-0.0234162,0,-0.769605,0.00846558,-0.713473,0.00284568,-0.898178,-0.139475,0,-0.770193,0,0.738095,0.12,0,-0.500751,1,0.261905,-0.0715175,-0.699625,0.0811731,0.108125,0,-0,-1,0.0128327
walk,1.46667,-0.0342261,0,-0.737247,-0.023026,0,-0.771118,0.00791813,-0.724424,0.0023919,-0.909493,-0.139475,0,-0.770193,0,0.857143,0.12,0,-0.500751,1,0.142857,-0.102407,-0.731701,0.110565,0.100917,0,-0,-1,0.0128577
walk,1.48333,-0.0346034,0,-0.750144,-0.0226422,0,-0.773853,0.00686276,-0.735679,0.00142863,-0.921404,-0.139475,0,-0.770193,0,0.976191,0.12,0,-0.500751,1,0.0238095,-0.133297,-0.763778,0.142949,0.0941893,0,-0,-1,0.0129031
walk,1.5,-0.0349745,0,-0.763092,-0.0222648,0,-0.776886,0.00534109,-0.747211,-2.468e-06,-0.933664,-0.139475,0,-0.770193,0,1,0.12,0,-0.500751,2,0,-0.139475,-0.770193,0.146629,0.08791,0,-0,-1,0.0129534
walk,1.51667,-0.0353394,0,-0.77609,-0.0218938,0,-0.779851,0.00339531,-0.758994,-0.0018592,-0.946159,-0.139475,0,-0.770193,0,1,0.119172,0.0169522,-0.535521,2,0,-0.139475,-0.770193,0.143309,0.0820493,0,-0,-1,0.0130026
walk,1.53333,-0.0356982,0,-0.789136,-0.0215289,0,-0.782753,0.00106778,-0.771,-0.00409914,-0.958861,-0.139475,0,-0.770193,0,1,0.118346,0.0328788,-0.570231,2,0,-0.139475,-0.770193,0.140545,0.0777076,0,-0,-1,0.0130508
walk,1.55,-0.0360511,0,-0.802229,-0.0211701,0,-0.785599,-0.00159922,-0.783201,-0.00668003,-0.971745,-0.139475,0,-0.770193,0,1,0.117521,0.0469639,-0.604901,2,0,-0.139475,-0.770193,0.138488,0.0748686,0,-0,-1,0.0130981
walk,1.56667,-0.036398,0,-0.815369,-0.0208172,0,-0.788393,-0.00456386,-0.795572,-0.00955999,-0.984786,-0.139475,0,-0.770193,0,1,0.116696,0.0584877,-0.639551,2,0,-0.139475,-0.770193,0.137278,0.0734999,0,-0,-1,0.0131445
walk,1.58333,-0.0367392,0,-0.828554,-0.0204703,0,-0.791141,-0.00778496,-0.808087,-0.0126978,-0.997961,-0.139475,0,-0.770193,0,1,0.115871,0.0668633,-0.674205,2,0,-0.139475,-0.770193,0.137034,0.073732,0,-0,-1,0.0131901
walk,1.6,-0.0370747,0,-0.841785,-0.0201291,0,-0.793857,-0.0112223,-0.820723,-0.0160533,-1.01125,-0.139475,0,-0.770193,0,1,0.115044,0.0717585,-0.708926,2,0,-0.139475,-0.770193,0.137848,0.0785148,0,-0,-1,0.0132352
walk,1.61667,-0.0374046,0,-0.855061,-0.0197936,0,-0.796554,-0.0148368,-0.833456,-0.0195873,-1.02463,-0.139475,0,-0.770193,0,1,0.114215,0.072868,-0.743767,2,0,-0.139475,-0.770193,0.139775,0.0870736,0,-0,-1,0.01328
walk,1.63333,-0.037729,0,-0.868382,-0.0194637,0,-0.799241,-0.0185909,-0.846264,-0.0232622,-1.03808,-0.139475,0,-0.770193,0,1,0.113381,0.070034,-0.778774,2,0,-0.139475,-0.770193,0.142828,0.0987922,0,-0,-1,0.0133246
walk,1.65,-0.038048,0,-0.881747,-0.0191393,0,-0.801927,-0.0224483,-0.859127,-0.0270417,-1.05159,-0.139475,0,-0.770193,0,1,0.112543,0.0632738,-0.813987,2,0,-0.139475,-0.770193,0.146985,0.113176,0,-0,-1,0.0133693
walk,1.66667,-0.0383616,0,-0.895158,-0.0188203,0,-0.804617,-0.0263747,-0.872026,-0.0308916,-1.06513,-0.139475,0,-0.770193,0,1,0.111699,0.0528011,-0.849441,2,0,-0.139475,-0.770193,0.15219,0.129823,0,-0,-1,0.013414
walk,1.68333,-0.0386701,0,-0.908613,-0.0185067,0,-0.807319,-0.0303375,-0.884943,-0.0347791,-1.0787,-0.139475,0,-0.770193,0,1,0.110848,0.0390385,-0.885168,2,0,-0.139475,-0.770193,0.158362,0.148406,0,-0,-1,0.0134589
walk,1.7,-0.0389734,0,-0.922114,-0.0181982,0,-0.810036,-0.0343061,-0.897862,-0.0386737,-1.09227,-0.139475,0,-0.770193,0,1,0.109991,0.0226189,-0.921197,2,0,-0.139475,-0.770193,0.165408,0.16865,0,-0,-1,0.013504
walk,1.71667,-0.0392716,0,-0.93566,-0.0178949,0,-0.812773,-0.0382521,-0.910767,-0.0425469,-1.10583,-0.139475,0,-0.770193,0,1,0.109125,0.00437389,-0.957556,2,0,-0.139475,-0.770193,0.173226,0.190325,0,-0,-1,0.0135495
walk,1.73333,-0.0395649,0,-0.949252,-0.0175967,0,-0.815534,-0.042149,-0.923646,-0.0463722,-1.11937,-0.139475,0,-0.770193,0,1,0.108924,0,-0.96601,3,0,-0.139475,-0.770193,0.181715,0.213236,0,-0,-1,0.0135954
walk,1.75,-0.0398533,0,-0.962891,-0.0173034,0,-0.81832,-0.0459727,-0.936487,-0.0501255,-1.13288,-0.139475,0,-0.770193,0,1,0.108924,0,-0.96601,4,0,-0.139475,-0.770193,0.190778,0.237214,0,-0,-1,0.0136417
walk,1.76667,-0.0401369,0,-0.976576,-0.017015,0,-0.821134,-0.0496591,-0.949305,-0.0537427,-1.14638,-0.139475,0,-0.770193,0,0.916667,0.108924,0,-0.96601,4,0.0833333,-0.118775,-0.786511,0.176858,0.26211,0,-0,-1,0.0136885
walk,1.78333,-0.0404157,0,-0.990309,-0.0167314,0,-0.823947,-0.0531497,-0.962116,-0.0571653,-1.15986,-0.139475,0,-0.770193,0,0.833333,0.108924,0,-0.96601,4,0.166667,-0.0980755,-0.802829,0.165501,0.277221,0,-0,-1,0.0137353
walk,1.8,-0.0406899,0,-1.00409,-0.0164526,0,-0.826738,-0.0563914,-0.974934,-0.0603401,-1.17335,-0.139475,0,-0.770193,0,0.75,0.108924,0,-0.96601,4,0.25,-0.0773755,-0.819147,0.157193,0.285521,0,-0,-1,0.0137817
walk,1.81667,-0.0409596,0,-1.01791,-0.0161783,0,-0.829425,-0.0593369,-0.987772,-0.0632197,-1.18683,-0.139475,0,-0.770193,0,0.666667,0.108924,0,-0.96601,4,0.333333,-0.0566756,-0.835465,0.15233,0.266486,0,-0,-1,0.0138264
walk,1.83333,-0.0412247,0,-1.03178,-0.0159087,0,-0.832014,-0.0619441,-1.00064,-0.0657622,-1.20033,-0.139475,0,-0.770193,0,0.583333,0.108924,0,-0.96601,4,0.416667,-0.0359757,-0.851784,0.151106,0.24872,0,-0,-1,0.0138694
walk,1.85,-0.0414854,0,-1.04569,-0.0156436,0,-0.83451,-0.0641765,-1.01355,-0.067931,-1.21384,-0.139475,0,-0.770193,0,0.5,0.108924,0,-0.96601,0,0.5,-0.0152758,-0.868102,0.153453,0.232139,0,-0,-1,0.0139109
walk,1.86667,-0.0417418,0,-1.05964,-0.0153828,0,-0.836918,-0.0660452,-1.02649,-0.0697371,-1.22735,-0.139475,0,-0.770193,0,0.5,0.108924,0,-0.96601,0,0.5,-0.0152758,-0.868102,0.166329,0.216663,0,-0,-1,0.013951
walk,1.88333,-0.0419939,0,-1.07362,-0.0151265,0,-0.839243,-0.0675628,-1.03944,-0.0711932,-1.24086,-0.139475,0,-0.770193,0,0.5,0.108924,0,-0.96601,0,0.5,-0.0152758,-0.868102,0.179141,0.202219,0,-0,-1,0.0139897
walk,1.9,-0.0422418,0,-1.08762,-0.0148743,0,-0.840016,-0.0686838,-1.05241,-0.0722536,-1.25401,-0.139475,0,-0.770193,1,0.380952,0.108924,0,-0.96601,0,0.619048,0.0142955,-0.891413,0.181124,0.188737,0,-0,-1,0.0140025
walk,1.91667,-0.0424856,0,-1.10163,-0.0146264,0,-0.840191,-0.0693687,-1.06542,-0.072879,-1.26706,-0.139475,0,-0.770193,1,0.261905,0.108924,0,-0.96601,0,0.738095,0.0438669,-0.914725,0.188495,0.176155,0,-0,-1,0.0140053
walk,1.93333,-0.0427253,0,-1.11564,-0.0143827,0,-0.840699,-0.0695839,-1.07848,-0.0730358,-1.28025,-0.139475,0,-0.770193,1,0.142857,0.108924,0,-0.96601,0,0.857143,0.0734382,-0.938036,0.200451,0.164411,0,-0,-1,0.0140137
walk,1.95,-0.042961,0,-1.12968,-0.014143,0,-0.842599,-0.0692898,-1.09165,-0.0726841,-1.29387,-0.139475,0,-0.770193,1,0.0238095,0.108924,0,-0.96601,0,0.976191,0.10301,-0.961348,0.216021,0.204939,0,-0,-1,0.0140453
walk,1.96667,-0.0431928,0,-1.14376,-0.0139072,0,-0.844941,-0.0685251,-1.10489,-0.0718628,-1.30768,-0.139475,0,-0.770193,2,0,0.108924,0,-0.96601,0,1,0.108924,-0.96601,0.225336,0.239369,0,-0,-1,0.0140843
walk,1.98333,-0.0434208,0,-1.15789,-0.0136755,0,-0.84734,-0.0673295,-1.1182,-0.0706116,-1.32156,-0.145672,0.0199976,-0.81753,2,0,0.108924,0,-0.96601,0,1,0.108924,-0.96601,0.232867,0.27171,0,-0,-1,0.0141242
walk,2,-0.0436449,0,-1.17205,-0.0134475,0,-0.849793,-0.065743,-1.13155,-0.0689704,-1.3355,-0.151953,0.0394878,-0.86552,2,0,0.108924,0,-0.96601,0,1,0.108924,-0.96601,0.24065,0.302892,0,-0,-1,0.014165
walk,2.01667,-0.0438653,0,-1.18625,-0.0132234,0,-0.852296,-0.0638056,-1.14493,-0.0669792,-1.34948,-0.158321,0.0570379,-0.914164,2,0,0.108924,0,-0.96601,0,1,0.108924,-0.96601,0.248691,0.333185,0,-0,-1,0.0142066
walk,2.03333,-0.044082,0,-1.2005,-0.013003,0,-0.854846,-0.0615572,-1.15832,-0.0646779,-1.36348,-0.164774,0.0712368,-0.963463,2,0,0.108924,0,-0.96601,0,1,0.108924,-0.96601,0.256993,0.362804,0,-0,-1,0.0142491
walk,2.05,-0.0442719,0,-1.21477,-0.0113947,0,-0.855872,-0.0590139,-1.17167,-0.0617486,-1.37708,-0.171313,0.0808075,-1.01342,2,0,0.108924,0,-0.96601,0,1,0.108924,-0.96601,0.265518,0.39192,0,-0,-1,0.0142658
walk,2.06667,-0.0444096,0,-1.22902,-0.0082603,0,-0.854929,-0.056189,-1.18495,-0.0581715,-1.39013,-0.17794,0.0847131,-1.06405,2,0,0.108924,0,-0.96601,0,1,0.108924,-0.96601,0.274221,0.420442,0,-0,-1,0.0142495
walk,2.08333,-0.044472,0,-1.24321,-0.00374756,0,-0.85189,-0.0530971,-1.1981,-0.0539966,-1.40256,-0.184654,0.08228,-1.11534,2,0,0.108924,0,-0.96601,0,1,0.108924,-0.96601,0.283051,0.448231,0,-0,-1,0.0141983
walk,2.1,-0.0444389,0,-1.25732,0.00199045,0,-0.846654,-0.0497546,-1.21108,-0.0492769,-1.41428,-0.191455,0.0733044,-1.1673,2,0,0.108924,0,-0.96601,0,1,0.108924,-0.96601,0.291956,0.475156,0,-0,-1,0.0141109
walk,2.11667,-0.0442922,0,-1.27131,0.00879827,0,-0.839148,-0.0461791,-1.22384,-0.0440675,-1.42523,-0.198342,0.0581282,-1.21991,2,0,0.108924,0,-0.96601,0,1,0.108924,-0.96601,0.300885,0.501092,0,-0,-1,0.0139866
walk,2.13333,-0.0440169,0,-1.28513,0.0165208,0,-0.829325,-0.0423894,-1.23632,-0.0384244,-1.43536,-0.205312,0.0376708,-1.27316,2,0,0.108924,0,-0.96601,0,1,0.108924,-0.96601,0.309782,0.525921,0,-0,-1,0.0138248
walk,2.15,-0.0436001,0,-1.29875,0.0250056,0,-0.817169,-0.0384055,-1.24849,-0.0324042,-1.44461,-0.212365,0.0134064,-1.32704,2,0,0.108924,0,-0.96601,0,1,0.108924,-0.96601,0.318595,0.549531,0,-0,-1,0.0136259
walk,2.16667,-0.0430317,0,-1.31213,0.0341051,0,-0.802686,-0.0342482,-1.2603,-0.026063,-1.45295,-0.21604,0,-1.35512,3,0,0.108924,0,-0.96601,0,1,0.108924,-0.96601,0.327271,0.57182,0,-0,-1,0.0133902
walk,2.18333,-0.0423037,0,-1.32523,0.0436778,0,-0.785907,-0.0299389,-1.27171,-0.0194562,-1.46033,-0.21604,0,-1.35512,4,0,0.108924,0,-0.96601,0,1,0.108924,-0.96601,0.335758,0.592693,0,-0,-1,0.0131187
walk,2.2,-0.0415022,0,-1.33819,0.0480894,0,-0.777747,-0.0256462,-1.2829,-0.0141048,-1.46956,-0.21604,0,-1.35512,4,0.0833333,0.108924,0,-0.96601,0,0.916667,0.0818435,-0.998436,0.304096,0.612064,0,-0,-1,0.0129872
walk,2.21667,-0.040692,0,-1.35116,0.0486151,0,-0.778127,-0.0215112,-1.29408,-0.0098436,-1.48083,-0.21604,0,-1.35512,4,0.166667,0.108924,0,-0.96601,0,0.833333,0.0547631,-1.03086,0.274043,0.611942,0,-0,-1,0.0129941
walk,2.23333,-0.0398952,0,-1.3642,0.0478048,0,-0.782648,-0.0176258,-1.30535,-0.00615269,-1.49318,-0.21604,0,-1.35512,4,0.25,0.108924,0,-0.96601,0,0.75,0.0276828,-1.06329,0.246263,0.607583,0,-0,-1,0.0130684
walk,2.25,-0.0391118,0,-1.37732,0.0470081,0,-0.786998,-0.0140529,-1.31675,-0.00277093,-1.50563,-0.21604,0,-1.35512,4,0.333333,0.108924,0,-0.96601,0,0.666667,0.000602476,-1.09571,0.221526,0.575907,0,-0,-1,0.01314
walk,2.26667,-0.0383414,0,-1.39051,0.0462246,0,-0.791176,-0.0108484,-1.32834,0.000245506,-1.51822,-0.21604,0,-1.35512,4,0.416667,0.108924,0,-0.96601,0,0.583333,-0.0264778,-1.12814,0.200806,0.542896,0,-0,-1,0.0132088
walk,2.28333,-0.0375838,0,-1.40376,0.0454542,0,-0.795184,-0.0080619,-1.34013,0.00284711,-1.53097,-0.21604,0,-1.35512,0,0.5,0.108924,0,-0.96601,0,0.5,-0.0535582,-1.16057,0.185236,0.509044,0,-0,-1,0.0132747
walk,2.3,-0.0368389,0,-1.41708,0.0446966,0,-0.799023,-0.00568131,-1.3521,0.00504589,-1.54387,-0.21604,0,-1.35512,0,0.5,0.108924,0,-0.96601,0,0.5,-0.0535582,-1.16057,0.197432,0.475108,0,-0,-1,0.0133379
walk,2.31667,-0.0361063,0,-1.43043,0.0439517,0,-0.801166,-0.00377105,-1.36431,0.00677736,-1.55659,-0.21604,0,-1.35512,0,0.619048,0.108924,0,-0.96601,1,0.380952,-0.0922443,-1.20689,0.180576,0.445252,0,-0,-1,0.0133728
walk,2.33333,-0.035386,0,-1.44381,0.0432192,0,-0.802617,-0.00238762,-1.37677,0.00798498,-1.5694,-0.21604,0,-1.35512,0,0.738095,0.108924,0,-0.96601,1,0.261905,-0.130931,-1.25321,0.1783,0.415568,0,-0,-1,0.0133963
walk,2.35,-0.0346777,0,-1.45721,0.0424988,0,-0.804353,-0.00157971,-1.38956,0.00862001,-1.5826,-0.21604,0,-1.35512,0,0.857143,0.108924,0,-0.96601,1,0.142857,-0.169617,-1.29953,0.190631,0.387864,0,-0,-1,0.0134246
walk,2.36667,-0.0339812,0,-1.47067,0.0417905,0,-0.807373,-0.00140416,-1.40272,0.00862557,-1.59648,-0.21604,0,-1.35512,0,0.976191,0.108924,0,-0.96601,1,0.0238095,-0.208303,-1.34586,0.214569,0.379948,0,-0,-1,0.0134742
walk,2.38333,-0.0332963,0,-1.48418,0.041094,0,-0.810701,-0.00181492,-1.41621,0.00804765,-1.61078,-0.21604,0,-1.35512,0,1,0.108924,0,-0.96601,2,0,-0.21604,-1.35512,0.222766,0.372606,0,-0,-1,0.013529
walk,2.4,-0.0326228,0,-1.49775,0.0404091,0,-0.813957,-0.00276491,-1.43001,0.00693328,-1.62536,-0.21604,0,-1.35512,0,1,0.113008,0.0217231,-1.03301,2,0,-0.21604,-1.35512,0.226041,0.367116,0,-0,-1,0.0135827
walk,2.41667,-0.0319605,0,-1.51137,0.0397356,0,-0.817149,-0.00420643,-1.44406,0.00533012,-1.64017,-0.21604,0,-1.35512,0,1,0.117086,0.0418312,-1.0999,2,0,-0.21604,-1.35512,0.229747,0.363512,0,-0,-1,0.0136352
walk,2.43333,-0.0313093,0,-1.52504,0.0390734,0,-0.820281,-0.00609152,-1.45832,0.00328609,-1.65519,-0.21604,0,-1.35512,0,1,0.12116,0.0589971,-1.16674,2,0,-0.21604,-1.35512,0.233943,0.361703,0,-0,-1,0.0136869
walk,2.45,-0.0306689,0,-1.53876,0.0384222,0,-0.823361,-0.00837234,-1.47276,0.000848975,-1.67037,-0.21604,0,-1.35512,0,1,0.125234,0.0720835,-1.23357,2,0,-0.21604,-1.35512,0.238675,0.361606,0,-0,-1,0.0137376
walk,2.46667,-0.0300392,0,-1.55253,0.0377818,0,-0.826405,-0.0110015,-1.48734,-0.00193387,-1.68568,-0.21604,0,-1.35512,0,1,0.129317,0.0803358,-1.30056,2,0,-0.21604,-1.35512,0.243976,0.366615,0,-0,-1,0.0137878
walk,2.48333,-0.02942,0,-1.56636,0.0371521,0,-0.829426,-0.0139324,-1.50203,-0.00501588,-1.70109,-0.21604,0,-1.35512,0,1,0.133418,0.0831419,-1.36783,2,0,-0.21604,-1.35512,0.24986,0.375973,0,-0,-1,0.0138376
walk,2.5,-0.0288112,0,-1.58023,0.0365329,0,-0.832436,-0.0171194,-1.51679,-0.00835149,-1.71657,-0.21604,0,-1.35512,0,1,0.137543,0.0801612,-1.43551,2,0,-0.21604,-1.35512,0.256331,0.388871,0,-0,-1,0.0138873
walk,2.51667,-0.028237,0,-1.59413,0.03445,0,-0.834245,-0.0205428,-1.53157,-0.0122748,-1.73179,-0.21604,0,-1.35512,0,1,0.141698,0.0713901,-1.50368,2,0,-0.21604,-1.35512,0.263349,0.404674,0,-0,-1,0.0139159
walk,2.53333,-0.0277219,0,-1.60804,0.0309029,0,-0.834592,-0.0241844,-1.54632,-0.0167677,-1.74662,-0.21604,0,-1.35512,0,1,0.145889,0.0572026,-1.57242,2,0,-0.21604,-1.35512,0.270858,0.422675,0,-0,-1,0.0139194
walk,2.55,-0.0272894,0,-1.62193,0.0259555,0,-0.833259,-0.0280266,-1.56098,-0.0217973,-1.76096,-0.21604,0,-1.35512,0,1,0.150118,0.0383859,-1.6418,2,0,-0.21604,-1.35512,0.278795,0.44228,0,-0,-1,0.0138944
walk,2.56667,-0.0269611,0,-1.63577,0.0196973,0,-0.830048,-0.0320521,-1.5755,-0.0273248,-1.77471,-0.21604,0,-1.35512,0,1,0.154389,0.0161354,-1.71186,2,0,-0.21604,-1.35512,0.287087,0.462979,0,-0,-1,0.013838
walk,2.58333,-0.0267571,0,-1.64951,0.0122386,0,-0.824793,-0.0362437,-1.58982,-0.0333064,-1.78777,-0.21604,0,-1.35512,0,1,0.157287,0,-1.75942,3,0,-0.21604,-1.35512,0.295656,0.484338,0,-0,-1,0.0137481
walk,2.6,-0.0266953,0,-1.66314,0.00370521,0,-0.817358,-0.040584,-1.60389,-0.0396947,-1.80006,-0.21604,0,-1.35512,0,1,0.157287,0,-1.75942,4,0,-0.21604,-1.35512,0.304422,0.505974,0,-0,-1,0.0136228
walk,2.61667,-0.0266598,0,-1.67678,0.00213409,0,-0.818735,-0.0448607,-1.61789,-0.0443486,-1.81439,-0.21604,0,-1.35512,0,0.916667,0.157287,0,-1.75942,4,0.0833333,-0.184929,-1.38881,0.26851,0.527554,0,-0,-1,0.0136456
walk,2.63333,-0.0266248,0,-1.69049,0.00209852,0,-0.822342,-0.0489594,-1.6319,-0.0484558,-1.82926,-0.21604,0,-1.35512,0,0.833333,0.157287,0,-1.75942,4,0.166667,-0.153819,-1.4225,0.234183,0.528362,0,-0,-1,0.0137057
walk,2.65,-0.0265904,0,-1.70425,0.00206354,0,-0.825874,-0.0527987,-1.64594,-0.0523034,-1.84415,-0.21604,0,-1.35512,0,0.75,0.157287,0,-1.75942,4,0.25,-0.122708,-1.45619,0.202216,0.523978,0,-0,-1,0.0137646
walk,2.66667,-0.0265566,0,-1.71807,0.00202915,0,-0.829252,-0.0563048,-1.66005,-0.0558179,-1.85907,-0.21604,0,-1.35512,0,0.666667,0.157287,0,-1.75942,4,0.333333,-0.0915976,-1.48989,0.17379,0.491849,0,-0,-1,0.0138209
walk,2.68333,-0.0265233,0,-1.73195,0.00199533,0,-0.832475,-0.059412,-1.67426,-0.0589331,-1.87406,-0.21604,0,-1.35512,0,0.583333,0.157287,0,-1.75942,4,0.416667,-0.0604869,-1.52358,0.150691,0.459059,0,-0,-1,0.0138746
walk,2.7,-0.0264906,0,-1.74587,0.00196208,0,-0.835553,-0.0620617,-1.6886,-0.0615908,-1.88913,-0.21604,0,-1.35512,0,0.5,0.157287,0,-1.75942,0,0.5,-0.0293763,-1.55727,0.135335,0.428455,0,-0,-1,0.0139259
walk,2.71667,-0.0264585,0,-1.75985,0.00192937,0,-0.838493,-0.0642664,-1.70302,-0.0638033,-1.90426,-0.21604,0,-1.35512,0,0.5,0.157287,0,-1.75942,0,0.5,-0.0293763,-1.55727,0.14987,0.399892,0,-0,-1,0.0139749
walk,2.73333,-0.0264269,0,-1.77384,0.00189722,0,-0.839782,-0.0659505,-1.71757,-0.0654951,-1.91912,-0.21604,0,-1.35512,1,0.380952,0.157287,0,-1.75942,0,0.619048,0.0150674,-1.6054,0.138371,0.373232,0,-0,-1,0.0139964
walk,2.75,-0.0263958,0,-1.78785,0.0018656,0,-0.840413,-0.0670477,-1.73228,-0.0666,-1.93398,-0.21604,0,-1.35512,1,0.261905,0.157287,0,-1.75942,0,0.738095,0.0595112,-1.65353,0.149062,0.34835,0,-0,-1,0.0140069
walk,2.76667,-0.0263652,0,-1.80187,0.0018345,0,-0.84135,-0.0675007,-1.74721,-0.0670604,-1.94913,-0.21604,0,-1.35512,1,0.142857,0.157287,0,-1.75942,0,0.857143,0.103955,-1.70166,0.177402,0.325127,0,-0,-1,0.0140225
walk,2.78333,-0.0263351,0,-1.81593,0.00180393,0,-0.843566,-0.0672428,-1.7624,-0.0668099,-1.96485,-0.21604,0,-1.35512,1,0.0238095,0.157287,0,-1.75942,0,0.976191,0.148399,-1.74979,0.21601,0.316256,0,-0,-1,0.0140595
walk,2.8,-0.0263056,0,-1.83003,0.00177386,0,-0.846101,-0.0663256,-1.77782,-0.0658999,-1.98088,-0.21604,0,-1.35512,2,0,0.157287,0,-1.75942,0,1,0.157287,-1.75942,0.224369,0.309279,0,-0,-1,0.0141017
walk,2.81667,-0.0262765,0,-1.84418,0.0017443,0,-0.848579,-0.0648017,-1.79342,-0.0643831,-1.99708,-0.214639,0.0205725,-1.41524,2,0,0.157287,0,-1.75942,0,1,0.157287,-1.75942,0.224678,0.304384,0,-0,-1,0.014143
walk,2.83333,-0.0262479,0,-1.85836,0.00171523,0,-0.851007,-0.0627247,-1.80916,-0.062313,-2.0134,-0.213241,0.0397062,-1.47528,2,0,0.157287,0,-1.75942,0,1,0.157287,-1.75942,0.225566,0.301302,0,-0,-1,0.0141835
walk,2.85,-0.0262198,0,-1.87258,0.00168664,0,-0.85339,-0.0601484,-1.825,-0.0597436,-2.02981,-0.211843,0.0562059,-1.53528,2,0,0.157287,0,-1.75942,0,1,0.157287,-1.75942,0.227111,0.299954,0,-0,-1,0.0142232
walk,2.86667,-0.0261921,0,-1.88685,0.00165853,0,-0.855736,-0.0571266,-1.84089,-0.0567285,-2.04627,-0.210444,0.0690604,-1.59531,2,0,0.157287,0,-1.75942,0,1,0.157287,-1.75942,0.229372,0.300975,0,-0,-1,0.0142623
walk,2.88333,-0.026165,0,-1.90115,0.00163089,0,-0.858062,-0.0537125,-1.8568,-0.0533211,-2.06274,-0.209042,0.0775539,-1.6555,2,0,0.157287,0,-1.75942,0,1,0.157287,-1.75942,0.232391,0.30703,0,-0,-1,0.0143011
walk,2.9,-0.0261382,0,-1.91549,0.00160371,0,-0.860379,-0.0499588,-1.8727,-0.0495739,-2.0792,-0.207633,0.0810801,-1.71596,2,0,0.157287,0,-1.75942,0,1,0.157287,-1.75942,0.236189,0.317173,0,-0,-1,0.0143397
walk,2.91667,-0.0261119,0,-1.92987,0.00157698,0,-0.862698,-0.0459167,-1.88856,-0.0455382,-2.09561,-0.206216,0.0792692,-1.77679,2,0,0.157287,0,-1.75942,0,1,0.157287,-1.75942,0.240771,0.330663,0,-0,-1,0.0143783
walk,2.93333,-0.0260861,0,-1.94428,0.0015507,0,-0.865027,-0.0416363,-1.90435,-0.0412642,-2.11195,-0.204788,0.0720423,-1.83806,2,0,0.157287,0,-1.75942,0,1,0.157287,-1.75942,0.246122,0.34691,0,-0,-1,0.0144171
walk,2.95,-0.0260607,0,-1.95874,0.00152485,0,-0.867373,-0.0371659,-1.92004,-0.0368,-2.12821,-0.203348,0.059654,-1.89985,2,0,0.157287,0,-1.75942,0,1,0.157287,-1.75942,0.252213,0.365447,0,-0,-1,0.0144562
walk,2.96667,-0.0260272,0,-1.97323,0.00201123,0,-0.869318,-0.0325433,-1.9356,-0.0320606,-2.14423,-0.201895,0.0427176,-1.96223,2,0,0.157287,0,-1.75942,0,1,0.157287,-1.75942,0.25899,0.385897,0,-0,-1,0.0144887
walk,2.98333,-0.0259613,0,-1.98773,0.00395461,0,-0.869885,-0.0277885,-1.95099,-0.0268394,-2.15976,-0.200427,0.0222076,-2.02524,2,0,0.157287,0,-1.75942,0,1,0.157287,-1.75942,0.266371,0.407883,0,-0,-1,0.0144982
walk,3,-0.0258396,0,-2.00221,0.00730109,0,-0.868814,-0.02292,-1.96616,-0.0211677,-2.17468,-0.198979,0,-2.08739,3,0,0.157287,0,-1.75942,0,1,0.157287,-1.75942,0.274262,0.430944,0,-0,-1,0.0144808
walk,3.01667,-0.0256402,0,-2.01664,0.011962,0,-0.865878,-0.0179556,-1.98108,-0.0150847,-2.18889,-0.198979,0,-2.08739,4,0,0.157287,0,-1.75942,0,1,0.157287,-1.75942,0.282567,0.454672,0,-0,-1,0.0144327
walk,3.03333,-0.0254442,0,-2.03111,0.0117626,0,-0.868549,-0.0130737,-1.99585,-0.0102506,-2.2043,-0.198979,0,-2.08739,4,0.0833333,0.157287,0,-1.75942,0,0.916667,0.127599,-1.78675,0.25202,0.478699,0,-0,-1,0.0144772
walk,3.05,-0.0252514,0,-2.04563,0.0115665,0,-0.871196,-0.00836429,-2.01052,-0.00558832,-2.21961,-0.198979,0,-2.08739,4,0.166667,0.157287,0,-1.75942,0,0.833333,0.0979097,-1.81408,0.22335,0.485117,0,-0,-1,0.0145212
walk,3.06667,-0.0250618,0,-2.0602,0.0113738,0,-0.873792,-0.00390983,-2.02512,-0.00118013,-2.23483,-0.198979,0,-2.08739,4,0.25,0.157287,0,-1.75942,0,0.75,0.0682209,-1.84141,0.197362,0.483153,0,-0,-1,0.0145644
walk,3.08333,-0.0248754,0,-2.0748,0.0111842,0,-0.876258,0.000215029,-2.03967,0.00289924,-2.24997,-0.198979,0,-2.08739,4,0.333333,0.157287,0,-1.75942,0,0.666667,0.038532,-1.86874,0.175168,0.454365,0,-0,-1,0.0146055
walk,3.1,-0.0246921,0,-2.08944,0.0109978,0,-0.878595,0.00394331,-2.05419,0.00658278,-2.26505,-0.198979,0,-2.08739,4,0.416667,0.157287,0,-1.75942,0,0.583333,0.00884312,-1.89607,0.158196,0.424768,0,-0,-1,0.0146444
walk,3.11667,-0.0245119,0,-2.10412,0.0108145,0,-0.880808,0.00721571,-2.06872,0.00981119,-2.28012,-0.198979,0,-2.08739,0,0.5,0.157287,0,-1.75942,0,0.5,-0.0208457,-1.9234,0.148003,0.39645,0,-0,-1,0.0146812
walk,3.13333,-0.0243346,0,-2.11884,0.0106343,0,-0.882904,0.0100408,-2.08323,0.012593,-2.29513,-0.198979,0,-2.08739,0,0.5,0.157287,0,-1.75942,0,0.5,-0.0208457,-1.9234,0.162786,0.37002,0,-0,-1,0.0147161
walk,3.15,-0.0241604,0,-2.13356,0.010457,0,-0.883377,0.0123436,-2.09776,0.0148533,-2.30977,-0.198979,0,-2.08739,0,0.619048,0.157287,0,-1.75942,1,0.380952,-0.0632584,-1.96245,0.154996,0.345352,0,-0,-1,0.014724
walk,3.16667,-0.023989,0,-2.14828,0.0102827,0,-0.883213,0.0140586,-2.11232,0.0165264,-2.3243,-0.198979,0,-2.08739,0,0.738095,0.157287,0,-1.75942,1,0.261905,-0.105671,-2.00149,0.163153,0.322329,0,-0,-1,0.0147212
walk,3.18333,-0.0238205,0,-2.163,0.0101114,0,-0.883372,0.0151287,-2.12698,0.0175554,-2.33899,-0.198979,0,-2.08739,0,0.857143,0.157287,0,-1.75942,1,0.142857,-0.148084,-2.04054,0.184691,0.30084,0,-0,-1,0.0147238
walk,3.2,-0.0236547,0,-2.17775,0.00994284,0,-0.884838,0.0154887,-2.14178,0.017875,-2.35415,-0.198979,0,-2.08739,0,0.976191,0.157287,0,-1.75942,1,0.0238095,-0.190496,-2.07958,0.215172,0.299454,0,-0,-1,0.0147482
walk,3.21667,-0.0234918,0,-2.19253,0.00977713,0,-0.886655,0.0151865,-2.15671,0.017533,-2.3695,-0.198979,0,-2.08739,0,1,0.157287,0,-1.75942,2,0,-0.198979,-2.08739,0.225103,0.299206,0,-0,-1,0.0147785
walk,3.23333,-0.0233316,0,-2.20734,0.00961418,0,-0.888457,0.0142712,-2.17171,0.0165786,-2.38494,-0.198979,0,-2.08739,0,1,0.156033,0.0205681,-1.8153,2,0,-0.198979,-2.08739,0.229315,0.304137,0,-0,-1,0.0148085
walk,3.25,-0.023174,0,-2.22218,0.00945394,0,-0.890257,0.0127932,-2.18677,0.0150622,-2.40044,-0.198979,0,-2.08739,0,1,0.154774,0.0400182,-1.87142,2,0,-0.198979,-2.08739,0.233932,0.3137,0,-0,-1,0.0148385
walk,3.26667,-0.0230191,0,-2.23704,0.00929637,0,-0.892067,0.0108035,-2.20186,0.0130346,-2.41596,-0.198979,0,-2.08739,0,1,0.153507,0.0571263,-1.92787,2,0,-0.198979,-2.08739,0.238983,0.326906,0,-0,-1,0.0148686
walk,3.28333,-0.0228667,0,-2.25194,0.00914143,0,-0.893894,0.00835314,-2.21696,0.0105471,-2.43149,-0.198979,0,-2.08739,0,1,0.152231,0.0707141,-1.98473,2,0,-0.198979,-2.08739,0.244487,0.342993,0,-0,-1,0.014899
walk,3.3,-0.0227169,0,-2.26687,0.00898908,0,-0.895747,0.0054931,-2.23203,0.00765048,-2.44701,-0.198979,0,-2.08739,0,1,0.150944,0.0797335,-2.04207,2,0,-0.198979,-2.08739,0.250457,0.361373,0,-0,-1,0.0149299
walk,3.31667,-0.0225714,0,-2.28183,0.00872734,0,-0.89755,0.00227194,-2.24706,0.0043665,-2.46247,-0.198979,0,-2.08739,0,1,0.149646,0.0833556,-2.09994,2,0,-0.198979,-2.08739,0.256894,0.381589,0,-0,-1,0.0149599
walk,3.33333,-0.0224554,0,-2.2968,0.00696158,0,-0.898182,-0.00128587,-2.262,0.000384912,-2.47756,-0.198979,0,-2.08739,0,1,0.148334,0.081057,-2.15839,2,0,-0.198979,-2.08739,0.263762,0.403276,0,-0,-1,0.0149702
walk,3.35,-0.0223929,0,-2.31176,0.00375108,0,-0.897424,-0.00515596,-2.27682,-0.0042557,-2.4922,-0.198979,0,-2.08739,0,1,0.147008,0.0726923,-2.21746,2,0,-0.198979,-2.08739,0.271016,0.425958,0,-0,-1,0.0149572
walk,3.36667,-0.0224066,0,-2.32667,-0.000820464,0,-0.895074,-0.00931391,-2.29147,-0.00951082,-2.50629,-0.198979,0,-2.08739,0,1,0.145668,0.0585638,-2.27718,2,0,-0.198979,-2.08739,0.278604,0.449234,0,-0,-1,0.0149179
walk,3.38333,-0.0225174,0,-2.34152,-0.00664856,0,-0.890956,-0.0137351,-2.30591,-0.0153307,-2.51974,-0.198979,0,-2.08739,0,1,0.144313,0.0394556,-2.33758,2,0,-0.198979,-2.08739,0.286468,0.47276,0,-0,-1,0.0148497
walk,3.4,-0.0227442,0,-2.35627,-0.0136124,0,-0.884917,-0.0183946,-2.32009,-0.0216615,-2.53247,-0.198979,0,-2.08739,0,1,0.142942,0.0166263,-2.39866,2,0,-0.198979,-2.08739,0.294548,0.496241,0,-0,-1,0.0147504
walk,3.41667,-0.0231039,0,-2.37089,-0.0215791,0,-0.876835,-0.0232671,-2.33397,-0.0284461,-2.54441,-0.198979,0,-2.08739,0,1,0.142011,0,-2.44015,3,0,-0.198979,-2.08739,0.302779,0.519416,0,-0,-1,0.0146183
walk,3.43333,-0.0236107,0,-2.38533,-0.0304082,0,-0.866619,-0.0283272,-2.3475,-0.0356252,-2.55549,-0.198979,0,-2.08739,0,1,0.142011,0,-2.44015,4,0,-0.198979,-2.08739,0.311096,0.542056,0,-0,-1,0.0144525
walk,3.45,-0.0241642,0,-2.39973,-0.0332134,0,-0.864162,-0.033379,-2.36086,-0.0413502,-2.56826,-0.198979,0,-2.08739,0,0.916667,0.142011,0,-2.44015,4,0.0833333,-0.170563,-2.11679,0.279988,0.563958,0,-0,-1,0.0144133
walk,3.46667,-0.0247086,0,-2.41418,-0.0326598,0,-0.867127,-0.038278,-2.37418,-0.0461164,-2.58229,-0.198979,0,-2.08739,0,0.833333,0.142011,0,-2.44015,4,0.166667,-0.142147,-2.14618,0.250544,0.567258,0,-0,-1,0.0144624
walk,3.48333,-0.0252438,0,-2.42868,-0.0321155,0,-0.870035,-0.0429433,-2.3875,-0.050651,-2.5963,-0.198979,0,-2.08739,0,0.75,0.142011,0,-2.44015,4,0.25,-0.113731,-2.17558,0.223425,0.564266,0,-0,-1,0.0145105
walk,3.5,-0.0257702,0,-2.44323,-0.0315802,0,-0.872804,-0.0473011,-2.40084,-0.0548803,-2.61031,-0.198979,0,-2.08739,0,0.666667,0.142011,0,-2.44015,4,0.333333,-0.0853157,-2.20498,0.199517,0.534198,0,-0,-1,0.0145562
walk,3.51667,-0.0262877,0,-2.45782,-0.0310539,0,-0.875433,-0.0512853,-2.41425,-0.0587382,-2.62435,-0.198979,0,-2.08739,0,0.583333,0.142011,0,-2.44015,4,0.416667,-0.0568999,-2.23437,0.17996,0.50304,0,-0,-1,0.0145997
walk,3.53333,-0.0267967,0,-2.47245,-0.0305363,0,-0.877923,-0.0548372,-2.42775,-0.0621659,-2.63845,-0.198979,0,-2.08739,0,0.5,0.142011,0,-2.44015,0,0.5,-0.0284841,-2.26377,0.16608,0.47129,0,-0,-1,0.0146409
walk,3.55,-0.0272971,0,-2.48712,-0.0300274,0,-0.880277,-0.0579631,-2.44132,-0.0651696,-2.65259,-0.198979,0,-2.08739,0,0.5,0.142011,0,-2.44015,0,0.5,-0.0284841,-2.26377,0.179979,0.439871,0,-0,-1,0.0146798
walk,3.56667,-0.0277892,0,-2.50181,-0.0295269,0,-0.880976,-0.0605894,-2.455,-0.0676758,-2.66643,-0.198979,0,-2.08739,1,0.380952,0.142011,0,-2.44015,0,0.619048,0.0121099,-2.30577,0.165998,0.412409,0,-0,-1,0.0146912
walk,3.58333,-0.0282732,0,-2.51649,-0.0290348,0,-0.881017,-0.0626515,-2.46882,-0.0696199,-2.68027,-0.198979,0,-2.08739,1,0.261905,0.142011,0,-2.44015,0,0.738095,0.052704,-2.34776,0.167221,0.384915,0,-0,-1,0.0146916
walk,3.6,-0.028749,0,-2.53118,-0.0285509,0,-0.881369,-0.0640934,-2.48284,-0.0709457,-2.69437,-0.198979,0,-2.08739,1,0.142857,0.142011,0,-2.44015,0,0.857143,0.093298,-2.38976,0.182856,0.359254,0,-0,-1,0.0146972
walk,3.61667,-0.0292169,0,-2.5459,-0.028075,0,-0.883031,-0.0648512,-2.4971,-0.0715892,-2.70903,-0.198979,0,-2.08739,1,0.0238095,0.142011,0,-2.44015,0,0.976191,0.133892,-2.43175,0.209213,0.354624,0,-0,-1,0.0147246
walk,3.63333,-0.029677,0,-2.56065,-0.0276071,0,-0.885032,-0.0649691,-2.51159,-0.0715948,-2.724,-0.198979,0,-2.08739,2,0,0.142011,0,-2.44015,0,1,0.142011,-2.44015,0.218962,0.350646,0,-0,-1,0.0147577
walk,3.65,-0.0301295,0,-2.57543,-0.027147,0,-0.886994,-0.0644932,-2.52626,-0.0710085,-2.73914,-0.198936,0.0213762,-2.14911,2,0,0.142011,0,-2.44015,0,1,0.142011,-2.44015,0.223738,0.348561,0,-0,-1,0.0147902
walk,3.66667,-0.0305744,0,-2.59025,-0.0266946,0,-0.888923,-0.0634705,-2.54108,-0.0698772,-2.75442,-0.198893,0.041277,-2.21082,2,0,0.142011,0,-2.44015,0,1,0.142011,-2.44015,0.22893,0.34839,0,-0,-1,0.0148221
walk,3.68333,-0.0310119,0,-2.60509,-0.0262496,0,-0.890835,-0.0619487,-2.55601,-0.0682486,-2.76981,-0.19885,0.0585075,-2.27268,2,0,0.142011,0,-2.44015,0,1,0.142011,-2.44015,0.234571,0.353679,0,-0,-1,0.0148537
walk,3.7,-0.0314421,0,-2.61997,-0.0258122,0,-0.892745,-0.059976,-2.57103,-0.0661709,-2.78529,-0.198806,0.0719538,-2.33482,2,0,0.142011,0,-2.44015,0,1,0.142011,-2.44015,0.240684,0.363682,0,-0,-1,0.0148853
walk,3.71667,-0.0318651,0,-2.63488,-0.0253819,0,-0.894665,-0.0576002,-2.58611,-0.0636919,-2.80083,-0.198763,0.080633,-2.39735,2,0,0.142011,0,-2.44015,0,1,0.142011,-2.44015,0.247281,0.377434,0,-0,-1,0.0149171
walk,3.73333,-0.0322811,0,-2.64983,-0.0249589,0,-0.896603,-0.0548691,-2.60121,-0.0608592,-2.8164,-0.198719,0.0837814,-2.46037,2,0,0.142011,0,-2.44015,0,1,0.142011,-2.44015,0.254367,0.394189,0,-0,-1,0.0149492
walk,3.75,-0.0326733,0,-2.66479,-0.0235289,0,-0.897737,-0.0518126,-2.61631,-0.0574595,-2.83176,-0.198675,0.0809382,-2.52394,2,0,0.142011,0,-2.44015,0,1,0.142011,-2.44015,0.261913,0.413362,0,-0,-1,0.0149674
walk,3.76667,-0.0330148,0,-2.67975,-0.0204919,0,-0.897341,-0.0484498,-2.63134,-0.0533678,-2.8467,-0.19863,0.072016,-2.58815,2,0,0.142011,0,-2.44015,0,1,0.142011,-2.44015,0.269869,0.434356,0,-0,-1,0.0149596
walk,3.78333,-0.0332805,0,-2.69467,-0.0159435,0,-0.895199,-0.0448001,-2.64627,-0.0486265,-2.86111,-0.198585,0.0573644,-2.65304,2,0,0.142011,0,-2.44015,0,1,0.142011,-2.44015,0.278177,0.456591,0,-0,-1,0.0149223
walk,3.8,-0.0334472,0,-2.70952,-0.0100011,0,-0.891121,-0.0408836,-2.66103,-0.0432838,-2.8749,-0.198539,0.0378088,-2.71864,2,0,0.142011,0,-2.44015,0,1,0.142011,-2.44015,0.286771,0.479578,0,-0,-1,0.0148529
walk,3.81667,-0.0334938,0,-2.72427,-0.00279904,0,-0.884948,-0.0367209,-2.67557,-0.0373927,-2.88796,-0.198493,0.0146442,-2.78498,2,0,0.142011,0,-2.44015,0,1,0.142011,-2.44015,0.295583,0.502902,0,-0,-1,0.0147492
walk,3.83333,-0.0334019,0,-2.73888,0.00551653,0,-0.876552,-0.0323336,-2.68985,-0.0310096,-2.90022,-0.198465,0,-2.82439,3,0,0.142011,0,-2.44015,0,1,0.142011,-2.44015,0.304543,0.526207,0,-0,-1,0.0146095
walk,3.85,-0.0331554,0,-2.75331,0.014792,0,-0.865841,-0.0277437,-2.70381,-0.0241936,-2.91161,-0.198465,0,-2.82439,4,0,0.142011,0,-2.44015,0,1,0.142011,-2.44015,0.313578,0.549184,0,-0,-1,0.0144328
walk,3.86667,-0.0328573,0,-2.7677,0.0178862,0,-0.863318,-0.0231481,-2.71762,-0.0188554,-2.92481,-0.198465,0,-2.82439,4,0.0833333,0.142011,0,-2.44015,0,0.916667,0.113638,-2.47217,0.280988,0.571565,0,-0,-1,0.0143917
walk,3.88333,-0.0325641,0,-2.78213,0.0175881,0,-0.866319,-0.0186903,-2.73141,-0.0144692,-2.93933,-0.198465,0,-2.82439,4,0.166667,0.142011,0,-2.44015,0,0.833333,0.0852648,-2.50419,0.249875,0.574206,0,-0,-1,0.0144416
walk,3.9,-0.0322759,0,-2.79662,0.017295,0,-0.869259,-0.0144502,-2.74524,-0.0102994,-2.95386,-0.198465,0,-2.82439,4,0.25,0.142011,0,-2.44015,0,0.75,0.0568918,-2.53621,0.220866,0.570721,0,-0,-1,0.0144905
walk,3.91667,-0.0319924,0,-2.81116,0.0170067,0,-0.872057,-0.0105004,-2.75912,-0.00641876,-2.96841,-0.198465,0,-2.82439,4,0.333333,0.142011,0,-2.44015,0,0.666667,0.0285187,-2.56823,0.194834,0.539838,0,-0,-1,0.0145371
walk,3.93333,-0.0317137,0,-2.82573,0.0167233,0,-0.874712,-0.00690614,-2.77309,-0.00289255,-2.98302,-0.198465,0,-2.82439,4,0.416667,0.142011,0,-2.44015,0,0.583333,0.000145733,-2.60025,0.172981,0.507548,0,-0,-1,0.0145812
walk,3.95,-0.0314396,0,-2.84035,0.0164445,0,-0.877224,-0.00372562,-2.78717,0.000221073,-2.99771,-0.198465,0,-2.82439,0,0.5,0.142011,0,-2.44015,0,0.5,-0.0282273,-2.63227,0.156831,0.47436,0,-0,-1,0.014623
walk,3.96667,-0.0311701,0,-2.85501,0.0161705,0,-0.879598,-0.000952134,-2.80135,0.00292878,-3.01245,-0.198465,0,-2.82439,0,0.5,0.142011,0,-2.44015,0,0.5,-0.0282273,-2.63227,0.171269,0.442736,0,-0,-1,0.0146624
walk,3.98333,-0.0309051,0,-2.86969,0.015901,0,-0.880312,0.00134119,-2.81565,0.00515742,-3.02693,-0.198465,0,-2.82439,0,0.619048,0.142011,0,-2.44015,1,0.380952,-0.0687601,-2.67801,0.154468,0.413648,0,-0,-1,0.0146743
turn,0,-0.000237428,0,1.03783e-11,-0.0142457,0,6.22697e-10,-0.000179348,-6.10596e-08,-0.0035983,-6.09102e-08,-0.12,0,0,1,0.380952,0.12,0,0,0,0.619048,0.0285714,0,0.0287508,0,0,-1,4.37114e-08,0.000237428
turn,0.0166667,-0.000699444,0,3.05737e-11,-0.027721,0,1.21172e-09,-0.000471138,-3.77962e-07,-0.00712418,-3.77672e-07,-0.12,0,0,1,0.261905,0.12,0,0,0,0.738095,0.0571429,0,0.057614,0,0,-1,4.37114e-08,0.000462017
turn,0.0333333,-0.00138823,0,6.06814e-11,-0.041327,0,1.80646e-09,-0.000827642,-1.49975e-06,-0.0107461,-1.49931e-06,-0.12,0,0,1,0.142857,0.12,0,0,0,0.857143,0.0857143,0,0.0865419,0,0,-1,4.37114e-08,0.000688784
turn,0.05,-0.00232072,0,1.01442e-10,-0.0559496,0,2.44564e-09,-0.00120852,-4.50094e-06,-0.0146364,-4.50035e-06,-0.12,0,0,1,0.0238095,0.12,0,0,0,0.976191,0.114286,0,0.115494,0,0,-1,4.37114e-08,0.000932494
turn,0.0666667,-0.00349879,0,1.52937e-10,-0.0706838,0,3.08969e-09,-0.00163318,-1.08737e-05,-0.0185973,-1.0873e-05,-0.12,0,0,2,0,0.12,0,0,0,1,0.12,0,0.121633,0,0,-1,4.37114e-08,0.00117806
turn,0.0833333,-0.00491833,0,2.14987e-10,-0.0851724,0,3.723e-09,-0.00211488,-2.23433e-05,-0.0225563,-2.23424e-05,-0.142142,0.0146462,9.67845e-10,2,0,0.12,0,0,0,1,0.12,0,0.122115,0,0,-1,4.37114e-08,0.00141954
turn,0.1,-0.00657532,0,2.87416e-10,-0.0994195,0,4.34577e-09,-0.00266659,-4.07635e-05,-0.0265273,-4.07624e-05,-0.164283,0.028644,1.93569e-09,2,0,0.12,0,0,0,1,0.12,0,0.122667,0,0,-1,4.37114e-08,0.00165699
turn,0.116667,-0.00846581,0,3.70052e-10,-0.113429,0,4.95815e-09,-0.00330096,-6.80335e-05,-0.030524,-6.80323e-05,-0.186425,0.0413738,2.90353e-09,2,0,0.12,0,0,0,1,0.12,0,0.123301,0,0,-1,4.37114e-08,0.00189049
turn,0.133333,-0.0105859,0,4.62724e-10,-0.127205,0,5.56032e-09,-0.00403021,-0.000106025,-0.0345595,-0.000106024,-0.208567,0.0522721,3.87138e-09,2,0,0.12,0,0,0,1,0.12,0,0.12403,0,0,-1,4.37114e-08,0.00212009
turn,0.15,-0.0129318,0,5.65265e-10,-0.140752,0,6.15246e-09,-0.00486604,-0.000156523,-0.0386465,-0.000156521,-0.230709,0.0608565,4.83922e-09,2,0,0.12,0,0,0,1,0.12,0,0.124866,0,0,-1,4.37114e-08,0.00234587
turn,0.166667,-0.0154996,0,6.77511e-10,-0.154073,0,6.73473e-09,-0.00581959,-0.00022117,-0.0427971,-0.000221168,-0.25285,0.0667469,5.80707e-09,2,0,0.12,0,0,0,1,0.12,0,0.12582,0,0,-1,4.37114e-08,0.00256788
turn,0.183333,-0.0182858,0,7.99299e-10,-0.167172,0,7.3073e-09,-0.00690136,-0.000301432,-0.0470225,-0.00030143,-0.274992,0.0696825,6.77491e-09,2,0,0.12,0,0,0,1,0.12,0,0.126902,0,0,-1,4.37114e-08,0.00278619
turn,0.2,-0.0212867,0,9.30471e-10,-0.180052,0,7.87032e-09,-0.00812118,-0.000398561,-0.0513337,-0.000398559,-0.297134,0.0695335,7.74276e-09,2,0,0.12,0,0,0,1,0.12,0,0.128122,0,0,-1,4.37114e-08,0.00300087
turn,0.216667,-0.0244987,0,1.07087e-09,-0.192718,0,8.42396e-09,-0.00948815,-0.000513579,-0.0557404,-0.000513576,-0.319275,0.0663064,8.7106e-09,2,0,0.12,0,0,0,1,0.12,0,0.129489,0,0,-1,4.37114e-08,0.00321196
turn,0.233333,-0.0279182,0,1.22034e-09,-0.205173,0,8.96838e-09,-0.0110106,-0.000647257,-0.060252,-0.000647255,-0.341417,0.0601441,9.67845e-09,2,0,0.12,0,0,0,1,0.12,0,0.131012,0,0,-1,4.37114e-08,0.00341954
turn,0.25,-0.0315419,0,1.37874e-09,-0.21742,0,9.50372e-09,-0.0126962,-0.000800114,-0.0648769,-0.000800112,-0.363559,0.0513193,1.06463e-08,2,0,0.12,0,0,0,1,0.12,0,0.132699,0,0,-1,4.37114e-08,0.00362366
turn,0.266667,-0.0353663,0,1.54591e-09,-0.229463,0,1.00301e-08,-0.0145515,-0.000972415,-0.0696226,-0.000972413,-0.385701,0.0402228,1.16141e-08,2,0,0.12,0,0,0,1,0.12,0,0.134555,0,0,-1,4.37114e-08,0.00382438
turn,0.283333,-0.039388,0,1.7217e-09,-0.241305,0,1.05478e-08,-0.0165826,-0.00116418,-0.0744958,-0.00116417,-0.407842,0.0273457,1.2582e-08,2,0,0.12,0,0,0,1,0.12,0,0.136588,0,0,-1,4.37114e-08,0.00402175
turn,0.3,-0.0436038,0,1.90598e-09,-0.25295,0,1.10568e-08,-0.0187947,-0.00137517,-0.0795027,-0.00137517,-0.429984,0.0132581,1.35498e-08,2,0,0.12,0,0,0,1,0.12,0,0.138801,0,0,-1,4.37114e-08,0.00421583
turn,0.316667,-0.0480105,0,2.09861e-09,-0.264401,0,1.15573e-08,-0.0211919,-0.00160496,-0.0846481,-0.00160496,-0.45,0,1.44248e-08,3,0,0.12,0,0,0,1,0.12,0,0.141201,0,0,-1,4.37114e-08,0.00440668
turn,0.333333,-0.0526049,0,2.29943e-09,-0.275661,0,1.20495e-08,-0.0237779,-0.0018529,-0.0899365,-0.0018529,-0.45,0,1.44248e-08,4,0,0.12,0,0,0,1,0.12,0,0.14379,2.53521e-05,0,-1,4.37114e-08,0.00459435
turn,0.35,-0.0573839,0,2.50833e-09,-0.286741,0,1.25338e-08,-0.0266517,-0.00211557,-0.0954694,-0.00211557,-0.45,0,1.44248e-08,4,0.0833333,0.12,0,0,0,0.916667,0.0725,1.20206e-09,0.0991742,0.00248235,0,-1,4.37114e-08,0.00477901
turn,0.366667,-0.0623445,0,2.72516e-09,-0.297635,0,1.301e-08,-0.0299039,-0.00238784,-0.101336,-0.00238784,-0.45,0,1.44248e-08,4,0.166667,0.12,0,0,0,0.833333,0.025,2.40413e-09,0.0549558,0.00231686,0,-1,4.37114e-08,0.00496059
turn,0.383333,-0.0674836,0,2.9498e-09,-0.308348,0,1.34783e-08,-0.0336167,-0.00266298,-0.10762,-0.00266297,-0.45,0,1.44248e-08,4,0.25,0.12,0,0,0,0.75,-0.0225,3.60619e-09,0.0114313,0.0021624,0,-1,4.37114e-08,0.00513913
turn,0.4,-0.0727983,0,3.18211e-09,-0.318881,0,1.39387e-08,-0.0378654,-0.00295216,-0.114397,-0.00295216,-0.45,0,1.44248e-08,4,0.333333,0.12,0,0,0,0.666667,-0.07,4.80825e-09,0.03227,0.00201824,0,-1,4.37114e-08,0.00531469
turn,0.416667,-0.0782856,0,3.42197e-09,-0.329239,0,1.43915e-08,-0.0427152,-0.00324604,-0.121733,-0.00324604,-0.45,0,1.44248e-08,4,0.416667,0.12,0,0,0,0.583333,-0.1175,6.01032e-09,0.0748552,0.00188369,0,-1,4.37114e-08,0.00548732
turn,0.433333,-0.0839427,0,3.66925e-09,-0.339424,0,1.48367e-08,-0.0482199,-0.00349966,-0.129682,-0.00349966,-0.45,0,1.44248e-08,0,0.5,0.12,0,0,0,0.5,-0.165,7.21238e-09,0.116833,0.00175811,0,-1,4.37114e-08,0.00565706
turn,0.45,-0.0897666,0,3.92382e-09,-0.349438,0,1.52744e-08,-0.0543313,-0.00370503,-0.138196,-0.00370503,-0.45,0,1.44248e-08,0,0.5,0.12,0,0,0,0.5,-0.165,7.21238e-09,0.110731,0.0016409,0,-1,4.37114e-08,0.00582397
turn,0.466667,-0.0957547,0,4.18557e-09,-0.359285,0,1.57049e-08,-0.061001,-0.00385629,-0.147229,-0.00385629,-0.45,0,1.44248e-08,0,0.5,0.12,0,0,0,0.5,-0.165,7.21238e-09,0.10407,0.00153151,0,-1,4.37114e-08,0.00598809
turn,0.483333,-0.101904,0,4.45437e-09,-0.368968,0,1.61281e-08,-0.0681805,-0.00394957,-0.156733,-0.00394956,-0.45,0,1.44248e-08,0,0.5,0.12,0,0,0,0.5,-0.165,7.21238e-09,0.0969,0.00142941,0,-1,4.37114e-08,0.00614947
turn,0.5,-0.108212,0,4.73011e-09,-0.378489,0,1.65443e-08,-0.0758216,-0.00398275,-0.166659,-0.00398274,-0.45,0,1.44248e-08,0,0.5,0.12,0,0,0,0.5,-0.165,7.21238e-09,0.0892673,0.00133412,0,-1,4.37114e-08,0.00630816
turn,0.516667,-0.114653,0,5.01164e-09,-0.38643,0,1.68914e-08,-0.0839938,-0.00397605,-0.176737,-0.00397605,-0.45,0,1.44248e-08,0,0.619048,0.12,0,0,1,0.380952,-0.232857,8.92961e-09,0.148916,0.00124517,0,-1,4.37114e-08,0.00644051
turn,0.533333,-0.121215,0,5.29846e-09,-0.393706,0,1.72094e-08,-0.0927662,-0.0039029,-0.187256,-0.0039029,-0.45,0,1.44248e-08,0,0.738095,0.12,0,0,1,0.261905,-0.300714,1.06468e-08,0.207985,0.00116216,0,-1,4.37114e-08,0.00656176
turn,0.55,-0.128031,0,1.83321e-06,-0.408964,0,0.000109675,-0.102344,-0.00375071,-0.200495,-0.00372439,-0.45,0,1.44248e-08,0,0.857143,0.12,0,0,1,0.142857,-0.368571,1.23641e-08,0.266254,0.00108469,0,-1,4.37114e-08,0.00681607
turn,0.566667,-0.135477,0,8.89932e-06,-0.446763,0,0.000423967,-0.113178,-0.00350604,-0.220401,-0.00340428,-0.45,0,1.44248e-08,0,0.976191,0.12,0,0,1,0.0238095,-0.436429,1.40813e-08,0.32327,0.00101237,0,-1,4.37114e-08,0.00744606
turn,0.583333,-0.143495,0,2.03671e-05,-0.481113,0,0.000688069,-0.125139,-0.00316128,-0.240606,-0.00299615,-0.45,0,1.44248e-08,0,1,0.12,0,0,2,0,-0.45,1.44248e-08,0.324877,0.0262077,0,-1,4.37114e-08,0.00801856
turn,0.6,-0.152018,0,3.52869e-05,-0.511353,0,0.000895184,-0.138072,-0.00271463,-0.260797,-0.00249979,-0.45,0,1.44248e-08,0,1,0.0899923,0.015198,-0.00150801,2,0,-0.45,1.44248e-08,0.31194,0.0432866,0,-1,4.37114e-08,0.00852257
turn,0.616667,-0.160971,0,5.26531e-05,-0.537219,0,0.00104197,-0.15182,-0.00216647,-0.280753,-0.0019164,-0.45,0,1.44248e-08,0,1,0.0599447,0.0297728,-0.00301802,2,0,-0.45,1.44248e-08,0.298188,0.0469042,0,-1,4.37114e-08,0.00895367
turn,0.633333,-0.17028,0,7.14804e-05,-0.558523,0,0.00112964,-0.166224,-0.00151919,-0.30027,-0.00124808,-0.45,0,1.44248e-08,0,1,0.0299205,0.0429027,-0.00452686,2,0,-0.45,1.44248e-08,0.28378,0.0447765,0,-1,4.37114e-08,0.00930873
turn,0.65,-0.179866,0,9.08982e-05,-0.57514,0,0.00116507,-0.181126,-0.000776972,-0.31916,-0.000497356,-0.45,0,1.44248e-08,0,1,-7.06315e-05,0.0540115,-0.00603404,2,0,-0.45,1.44248e-08,0.268875,0.0417914,0,-1,4.37114e-08,0.00958569
turn,0.666667,-0.189649,0,0.000110265,-0.587,0,0.00116201,-0.19637,5.45128e-05,-0.337251,0.000333396,-0.45,0,1.44248e-08,0,1,-0.0300311,0.062625,-0.00753967,2,0,-0.45,1.44248e-08,0.25363,0.0390053,0,-1,4.37114e-08,0.00978336
turn,0.683333,-0.199551,0,0.000129305,-0.594082,0,0.00114241,-0.211805,0.000968373,-0.354384,0.00124255,-0.45,0,1.44248e-08,0,1,-0.0599629,0.0683688,-0.00904387,2,0,-0.45,1.44248e-08,0.238197,0.036405,0,-1,4.37114e-08,0.00990138
turn,0.7,-0.20955,0,0.000148028,-0.599949,0,0.00112337,-0.22734,0.00195663,-0.371328,0.00222624,-0.45,0,1.44248e-08,0,1,-0.0898681,0.0709992,-0.0105467,2,0,-0.45,1.44248e-08,0.222668,0.033978,0,-1,4.37114e-08,0.00999917
turn,0.716667,-0.219645,0,0.000166439,-0.605712,0,0.00110465,-0.242912,0.00300998,-0.388283,0.00327509,-0.45,0,1.44248e-08,0,1,-0.119748,0.0704127,-0.0120483,2,0,-0.45,1.44248e-08,0.20711,0.0317128,0,-1,4.37114e-08,0.0100952
turn,0.733333,-0.229834,0,0.000184543,-0.611372,0,0.00108624,-0.25846,0.004118,-0.405189,0.00437869,-0.45,0,1.44248e-08,0,1,-0.149606,0.0666504,-0.0135488,2,0,-0.45,1.44248e-08,0.191585,0.0295986,0,-1,4.37114e-08,0.0101895
turn,0.75,-0.240117,0,0.000202345,-0.616932,0,0.00106814,-0.273928,0.00526931,-0.421991,0.00552567,-0.45,0,1.44248e-08,0,1,-0.179441,0.0598944,-0.0150481,2,0,-0.45,1.44248e-08,0.176151,0.0276253,0,-1,4.37114e-08,0.0102822
turn,0.766667,-0.25049,0,0.000219851,-0.622394,0,0.00105034,-0.289266,0.00645183,-0.43864,0.00670391,-0.45,0,1.44248e-08,0,1,-0.209257,0.0504594,-0.0165465,2,0,-0.45,1.44248e-08,0.160864,0.0257837,0,-1,4.37114e-08,0.0103732
turn,0.783333,-0.260953,0,0.000237065,-0.627759,0,0.00103283,-0.304429,0.00765295,-0.455091,0.00790083,-0.45,0,1.44248e-08,0,1,-0.239054,0.0387779,-0.0180439,2,0,-0.45,1.44248e-08,0.145772,0.0240647,0,-1,4.37114e-08,0.0104627
turn,0.8,-0.271503,0,0.000253992,-0.633031,0,0.00101562,-0.319378,0.00885973,-0.471306,0.00910348,-0.45,0,1.44248e-08,0,1,-0.268833,0.0253806,-0.0195404,2,0,-0.45,1.44248e-08,0.130922,0.0224604,0,-1,4.37114e-08,0.0105505
turn,0.816667,-0.28214,0,0.000270637,-0.63821,0,0.000998691,-0.334078,0.0100591,-0.487248,0.0102988,-0.45,0,1.44248e-08,0,1,-0.298596,0.010872,-0.0210362,2,0,-0.45,1.44248e-08,0.116358,0.0209631,0,-1,4.37114e-08,0.0106368
turn,0.833333,-0.292862,0,0.000287004,-0.643298,0,0.000982047,-0.348499,0.0112381,-0.50289,0.0114738,-0.45,0,1.44248e-08,0,1,-0.32022,0,-0.0221228,3,0,-0.45,1.44248e-08,0.102122,0.0195655,0,-1,4.37114e-08,0.0107217
turn,0.85,-0.303667,0,0.000303099,-0.648298,0,0.00096568,-0.362616,0.012384,-0.518207,0.0126158,-0.45,0,1.44248e-08,0,1,-0.32022,0,-0.0221228,4,0,-0.45,1.44248e-08,0.0882576,0.0182612,0,-1,4.37114e-08,0.010805
turn,0.866667,-0.314553,0,0.000318925,-0.653211,0,0.000949586,-0.376387,0.0134796,-0.533157,0.0137075,-0.45,0,1.44248e-08,0,0.916667,-0.32022,0,-0.0221228,4,0.0833333,-0.439185,-0.00184356,0.0646406,0.0170437,0,-1,4.37114e-08,0.0108869
turn,0.883333,-0.325521,0,0.000334488,-0.658039,0,0.000933761,-0.389777,0.0145084,-0.547706,0.0147325,-0.45,0,1.44248e-08,0,0.833333,-0.32022,0,-0.0221228,4,0.166667,-0.42837,-0.00368713,0.0426671,0.0159075,0,-1,4.37114e-08,0.0109673
turn,0.9,-0.336567,0,0.000349791,-0.662782,0,0.000918199,-0.402757,0.0154542,-0.561825,0.0156745,-0.45,0,1.44248e-08,0,0.75,-0.32022,0,-0.0221228,4,0.25,-0.417555,-0.0055307,0.0256777,0.014847,0,-1,4.37114e-08,0.0110464
turn,0.916667,-0.347691,0,0.000364839,-0.667444,0,0.000902896,-0.415296,0.016332,-0.575482,0.0165487,-0.45,0,1.44248e-08,0,0.666667,-0.32022,0,-0.0221228,4,0.333333,-0.40674,-0.00737427,0.025203,0.0138572,0,-1,4.37114e-08,0.0111241
turn,0.933333,-0.358892,0,0.000379637,-0.672026,0,0.000887848,-0.427375,0.0171273,-0.588661,0.0173403,-0.45,0,1.44248e-08,0,0.583333,-0.32022,0,-0.0221228,4,0.416667,-0.395925,-0.00921784,0.0410263,0.0129334,0,-1,4.37114e-08,0.0112004
turn,0.95,-0.370167,0,0.000394188,-0.676528,0,0.000873052,-0.438994,0.0177738,-0.601361,0.0179833,-0.45,0,1.44248e-08,0,0.5,-0.32022,0,-0.0221228,0,0.5,-0.38511,-0.0110614,0.0611145,0.0120712,0,-1,4.37114e-08,0.0112755
turn,0.966667,-0.381516,0,0.000408496,-0.680953,0,0.000858501,-0.450168,0.0182648,-0.613597,0.0184708,-0.45,0,1.44248e-08,0,0.5,-0.32022,0,-0.0221228,0,0.5,-0.38511,-0.0110614,0.0713625,0.0112664,0,-1,4.37114e-08,0.0113492
turn,0.983333,-0.392938,0,0.000422566,-0.685302,0,0.000844194,-0.460913,0.0185958,-0.625386,0.0187984,-0.45,0,1.44248e-08,0,0.5,-0.32022,0,-0.0221228,0,0.5,-0.38511,-0.0110614,0.0813985,0.0105153,0,-1,4.37114e-08,0.0114217
turn,1,-0.404431,0,0.000436401,-0.689577,0,0.000830125,-0.471249,0.0187645,-0.636747,0.0189638,-0.45,0,1.44248e-08,0,0.5,-0.32022,0,-0.0221228,0,0.5,-0.38511,-0.0110614,0.0911567,0.0098143,0,-1,4.37114e-08,0.011493
turn,1.01667,-0.415994,0,0.000450006,-0.693778,0,0.00081629,-0.481196,0.018771,-0.647703,0.0189669,-0.45,0,1.44248e-08,0,0.5,-0.32022,0,-0.0221228,0,0.5,-0.38511,-0.0110614,0.100611,0.00916001,0,-1,4.37114e-08,0.011563
turn,1.03333,-0.427602,0,0.000463384,-0.696484,0,0.000802686,-0.490713,0.0186458,-0.657869,0.0188385,-0.45,0,1.44248e-08,1,0.380952,-0.32022,0,-0.0221228,0,0.619048,-0.36966,-0.0136951,0.125299,0.00854934,0,-1,4.37114e-08,0.0116081
turn,1.05,-0.439245,0,0.000476539,-0.698609,0,0.000789308,-0.499797,0.0183538,-0.667463,0.0185432,-0.45,0,1.44248e-08,1,0.261905,-0.32022,0,-0.0221228,0,0.738095,-0.35421,-0.0163288,0.149661,0.00797939,0,-1,4.37114e-08,0.0116435
turn,1.06667,-0.45093,0,0.000489475,-0.701054,0,0.000776154,-0.508453,0.0178917,-0.676706,0.018078,-0.45,0,1.44248e-08,1,0.142857,-0.32022,0,-0.0221228,0,0.857143,-0.33876,-0.0189624,0.173649,0.00744743,0,-1,4.37114e-08,0.0116842
turn,1.08333,-0.462678,0,0.000502196,-0.704875,0,0.000763218,-0.516701,0.0172607,-0.685871,0.0174439,-0.45,0,1.44248e-08,1,0.0238095,-0.32022,0,-0.0221228,0,0.976191,-0.32331,-0.0215961,0.197256,0.0661745,0,-1,4.37114e-08,0.0117479
turn,1.1,-0.474497,0,0.000514704,-0.709169,0,0.000750499,-0.524586,0.0164674,-0.694787,0.0166475,-0.45,0,1.44248e-08,2,0,-0.32022,0,-0.0221228,0,1,-0.32022,-0.0221228,0.207978,0.12484,0,-1,4.37114e-08,0.0118195
turn,1.11667,-0.48639,0,0.000527004,-0.713546,0,0.000737991,-0.532149,0.0155179,-0.7034,0.015695,-0.478913,0.0170148,0.00395722,2,0,-0.32022,0,-0.0221228,0,1,-0.32022,-0.0221228,0.215246,0.176855,0,-1,4.37114e-08,0.0118924
turn,1.13333,-0.498356,0,0.000539099,-0.717986,0,0.000725692,-0.53943,0.0144195,-0.711746,0.0145936,-0.50834,0.0341358,0.00798464,2,0,-0.32022,0,-0.0221228,0,1,-0.32022,-0.0221228,0.222235,0.221885,0,-1,4.37114e-08,0.0119664
turn,1.15,-0.510397,0,0.000550992,-0.72247,0,0.000713598,-0.546468,0.0131805,-0.719861,0.0133517,-0.53823,0.0502122,0.0120756,2,0,-0.32022,0,-0.0221228,0,1,-0.32022,-0.0221228,0.228986,0.261303,0,-1,4.37114e-08,0.0120412
turn,1.16667,-0.522514,0,0.000562687,-0.726984,0,0.000701705,-0.553304,0.0118103,-0.72778,0.0119787,-0.568544,0.0641053,0.0162245,2,0,-0.32022,0,-0.0221228,0,1,-0.32022,-0.0221228,0.235541,0.296204,0,-1,4.37114e-08,0.0121164
turn,1.18333,-0.534706,0,0.000574187,-0.731517,0,0.000690011,-0.559974,0.010319,-0.735538,0.0104846,-0.599248,0.0747671,0.0204267,2,0,-0.32022,0,-0.0221228,0,1,-0.32022,-0.0221228,0.241939,0.327466,0,-1,4.37114e-08,0.012192
turn,1.2,-0.546973,0,0.000585496,-0.736059,0,0.000678511,-0.566516,0.00871764,-0.74317,0.00888049,-0.630313,0.0813159,0.0246784,2,0,-0.32022,0,-0.0221228,0,1,-0.32022,-0.0221228,0.24822,0.355794,0,-1,4.37114e-08,0.0122677
turn,1.21667,-0.559317,0,0.000596616,-0.740604,0,0.000667204,-0.572965,0.00701773,-0.75071,0.00717785,-0.661718,0.0831058,0.0289766,2,0,-0.32022,0,-0.0221228,0,1,-0.32022,-0.0221228,0.25442,0.381762,0,-1,4.37114e-08,0.0123434
turn,1.23333,-0.571714,0,0.000605019,-0.743827,0,0.000504222,-0.579333,0.00522875,-0.757852,0.00534977,-0.693444,0.0797828,0.0333187,2,0,-0.32022,0,-0.0221228,0,1,-0.32022,-0.0221228,0.260553,0.405836,0,-1,4.37114e-08,0.0123971
turn,1.25,-0.584134,0,0.000607744,-0.745233,0,0.000163478,-0.585623,0.00336021,-0.764479,0.00339945,-0.725474,0.0713217,0.0377026,2,0,-0.32022,0,-0.0221228,0,1,-0.32022,-0.0221228,0.266623,0.428248,0,-1,4.37114e-08,0.0124206
turn,1.26667,-0.596549,0,0.000602479,-0.744862,0,-0.000315889,-0.591834,0.00142257,-0.770601,0.00134675,-0.757794,0.0580547,0.042126,2,0,-0.32022,0,-0.0221228,0,1,-0.32022,-0.0221228,0.272633,0.449126,0,-1,4.37114e-08,0.0124144
turn,1.28333,-0.608928,0,0.000587529,-0.742756,0,-0.00089702,-0.597968,-0.000572911,-0.77623,-0.000788196,-0.790389,0.0406732,0.046587,2,0,-0.32022,0,-0.0221228,0,1,-0.32022,-0.0221228,0.278583,0.468578,0,-1,4.37114e-08,0.0123793
turn,1.3,-0.621244,0,0.000561772,-0.738954,0,-0.00154539,-0.604023,-0.0026143,-0.781372,-0.00298519,-0.823243,0.0202,0.0510836,2,0,-0.32022,0,-0.0221228,0,1,-0.32022,-0.0221228,0.284473,0.486692,0,-1,4.37114e-08,0.0123159
turn,1.31667,-0.633469,0,0.000524625,-0.733498,0,-0.00222885,-0.609997,-0.00468918,-0.786036,-0.0052241,-0.853313,0,0.055199,3,0,-0.32022,0,-0.0221228,0,1,-0.32022,-0.0221228,0.290301,0.503543,0,-1,4.37114e-08,0.012225
turn,1.33333,-0.645576,0,0.000475996,-0.726429,0,-0.00291776,-0.615885,-0.00678481,-0.790228,-0.00748507,-0.853313,0,0.055199,4,0,-0.32022,0,-0.0221228,0,1,-0.32022,-0.0221228,0.296063,0.519194,0,-1,4.37114e-08,0.0121072
turn,1.35,-0.657762,0,0.000427929,-0.73117,0,-0.00288397,-0.621992,-0.00885617,-0.797473,-0.00954833,-0.853313,0,0.055199,4,0.0833333,-0.32022,0,-0.0221228,0,0.916667,-0.364644,-0.0156794,0.257438,0.533695,0,-1,4.37114e-08,0.0121863
turn,1.36667,-0.670033,0,0.000380664,-0.736245,0,-0.00283591,-0.628421,-0.0108716,-0.80512,-0.0115522,-0.853313,0,0.055199,4,0.166667,-0.32022,0,-0.0221228,0,0.833333,-0.409069,-0.00923586,0.219359,0.531231,0,-1,4.37114e-08,0.0122708
turn,1.38333,-0.682386,0,0.000334187,-0.74121,0,-0.00278864,-0.635258,-0.0128007,-0.813149,-0.0134699,-0.853313,0,0.055199,4,0.25,-0.32022,0,-0.0221228,0,0.75,-0.453493,-0.00279237,0.182041,0.52306,0,-1,4.37114e-08,0.0123536
turn,1.4,-0.69482,0,0.000288484,-0.745987,0,-0.00274216,-0.642585,-0.0146327,-0.821622,-0.0152909,-0.853313,0,0.055199,4,0.333333,-0.32022,0,-0.0221228,0,0.666667,-0.497918,0.00365112,0.145818,0.488189,0,-1,4.37114e-08,0.0124332
turn,1.41667,-0.707329,0,0.000243543,-0.750588,0,-0.00269646,-0.650468,-0.0163442,-0.830609,-0.0169913,-0.853313,0,0.055199,4,0.416667,-0.32022,0,-0.0221228,0,0.583333,-0.542342,0.0100946,0.111312,0.455644,0,-1,4.37114e-08,0.0125099
turn,1.43333,-0.719913,0,0.000199351,-0.755021,0,-0.00265152,-0.658957,-0.0178763,-0.840162,-0.0185127,-0.853313,0,0.055199,0,0.5,-0.32022,0,-0.0221228,0,0.5,-0.586766,0.0165381,0.0799743,0.425267,0,-1,4.37114e-08,0.0125838
turn,1.45,-0.732568,0,0.000155896,-0.759294,0,-0.00260733,-0.668015,-0.0192231,-0.850245,-0.0198488,-0.853313,0,0.055199,0,0.5,-0.32022,0,-0.0221228,0,0.5,-0.586766,0.0165381,0.0887702,0.396916,0,-1,4.37114e-08,0.012655
turn,1.46667,-0.745292,0,0.000113165,-0.763417,0,-0.00256387,-0.677602,-0.0203811,-0.860823,-0.0209964,-0.853313,0,0.055199,0,0.5,-0.32022,0,-0.0221228,0,0.5,-0.586766,0.0165381,0.0980523,0.370455,0,-1,4.37114e-08,0.0127237
turn,1.48333,-0.758056,0,7.11456e-05,-0.765883,0,-0.00252114,-0.687553,-0.0214202,-0.871365,-0.0220252,-0.853313,0,0.055199,1,0.380952,-0.32022,0,-0.0221228,0,0.619048,-0.523303,0.00733311,0.166748,0.345758,0,-1,4.37114e-08,0.0127648
turn,1.5,-0.770851,0,2.9827e-05,-0.767678,0,-0.00247912,-0.697703,-0.0223514,-0.881946,-0.0229464,-0.853313,0,0.055199,1,0.261905,-0.32022,0,-0.0221228,0,0.738095,-0.459839,-0.00187187,0.238743,0.322708,0,-1,4.37114e-08,0.0127947
turn,1.51667,-0.783423,0,-1.16798e-06,-0.754333,0,-0.0018597,-0.707663,-0.0231951,-0.888703,-0.0236415,-0.853313,0,0.055199,1,0.142857,-0.32022,0,-0.0221228,0,0.857143,-0.396376,-0.0110769,0.311523,0.308689,0,-1,4.37114e-08,0.0125722
turn,1.53333,-0.795372,0,-2.97444e-05,-0.716952,0,-0.00171459,-0.716877,-0.0239919,-0.888945,-0.0244034,-0.853313,0,0.055199,1,0.0238095,-0.32022,0,-0.0221228,0,0.976191,-0.332913,-0.0202818,0.383982,0.379792,0,-1,4.37114e-08,0.0119492
turn,1.55,-0.806674,0,-5.43893e-05,-0.678079,0,-0.00147869,-0.725322,-0.024738,-0.888061,-0.0250929,-0.853313,0,0.055199,2,0,-0.32022,0,-0.0221228,0,1,-0.32022,-0.0221228,0.405111,0.46892,0,-1,4.37114e-08,0.0113013
turn,1.56667,-0.817299,0,-7.36168e-05,-0.637548,0,-0.00115365,-0.732978,-0.0254311,-0.88599,-0.025708,-0.879586,0.0231379,0.0537032,2,0,-0.32022,0,-0.0221228,0,1,-0.32022,-0.0221228,0.412771,0.545524,0,-1,4.37114e-08,0.0106258
turn,1.58333,-0.827226,0,-8.60009e-05,-0.595575,0,-0.000743049,-0.739827,-0.026069,-0.882765,-0.0262473,-0.906588,0.0463089,0.0521659,2,0,-0.32022,0,-0.0221228,0,1,-0.32022,-0.0221228,0.419626,0.605223,0,-1,4.37114e-08,0.00992626
turn,1.6,-0.836432,0,-9.02028e-05,-0.552383,0,-0.000252114,-0.745858,-0.0266499,-0.87843,-0.0267104,-0.934178,0.0671159,0.0505951,2,0,-0.32022,0,-0.0221228,0,1,-0.32022,-0.0221228,0.425662,0.651145,0,-1,4.37114e-08,0.00920639
turn,1.61667,-0.844902,0,-8.49937e-05,-0.508205,0,0.000312551,-0.751064,-0.027172,-0.873034,-0.027097,-0.962228,0.0833034,0.0489981,2,0,-0.32022,0,-0.0221228,0,1,-0.32022,-0.0221228,0.430874,0.685759,0,-1,4.37114e-08,0.00847009
turn,1.63333,-0.852623,0,-6.92734e-05,-0.463276,0,0.000943215,-0.755445,-0.0276342,-0.866632,-0.0274078,-0.990624,0.0930356,0.0473815,2,0,-0.32022,0,-0.0221228,0,1,-0.32022,-0.0221228,0.43526,0.711024,0,-1,4.37114e-08,0.00772129
turn,1.65,-0.859587,0,-4.20861e-05,-0.417834,0,0.00163124,-0.759005,-0.0280351,-0.859285,-0.0276436,-1.01926,0.0951231,0.0457509,2,0,-0.32022,0,-0.0221228,0,1,-0.32022,-0.0221228,0.438825,0.728499,0,-1,4.37114e-08,0.00696395
turn,1.66667,-0.865789,0,-2.63179e-06,-0.372112,0,0.00236726,-0.761752,-0.028374,-0.851059,-0.0278058,-1.04806,0.0891644,0.0441115,2,0,-0.32022,0,-0.0221228,0,1,-0.32022,-0.0221228,0.441576,0.739435,0,-1,4.37114e-08,0.006202
turn,1.68333,-0.871228,0,4.97251e-05,-0.326345,0,0.00314142,-0.7637,-0.02865,-0.842023,-0.0278961,-1.07693,0.0755866,0.0424677,2,0,-0.32022,0,-0.0221228,0,1,-0.32022,-0.0221228,0.443528,0.744839,0,-1,4.37114e-08,0.00543933
turn,1.7,-0.875907,0,0.00011545,-0.280757,0,0.00394348,-0.764866,-0.0288628,-0.832248,-0.0279164,-1.10581,0.0555828,0.0408233,2,0,-0.32022,0,-0.0221228,0,1,-0.32022,-0.0221228,0.444697,0.745531,0,-1,4.37114e-08,0.00467974
turn,1.71667,-0.879834,0,0.000194833,-0.235575,0,0.00476302,-0.765273,-0.0290121,-0.821811,-0.0278689,-1.13468,0.030958,0.0391797,2,0,-0.32022,0,-0.0221228,0,1,-0.32022,-0.0221228,0.445107,0.744502,0,-1,4.37114e-08,0.00392705
turn,1.73333,-0.883017,0,0.000287993,-0.191017,0,0.00558958,-0.764947,-0.0290978,-0.810791,-0.0277563,-1.16352,0.00382028,0.0375381,2,0,-0.32022,0,-0.0221228,0,1,-0.32022,-0.0221228,0.444782,0.742248,0,-1,4.37114e-08,0.00318498
turn,1.75,-0.885472,0,0.000394873,-0.147289,0,0.00641277,-0.763917,-0.0291201,-0.799266,-0.0275811,-1.1675,0,0.0373114,3,0,-0.32022,0,-0.0221228,0,1,-0.32022,-0.0221228,0.443752,0.738765,0,-1,4.37114e-08,0.00245715
turn,1.76667,-0.887215,0,0.000515247,-0.104585,0,0.00722244,-0.762216,-0.0290795,-0.787316,-0.0273462,-1.1675,0,0.0373114,4,0,-0.32022,0,-0.0221228,0,1,-0.32022,-0.0221228,0.44205,0.73406,0,-1,4.37114e-08,0.00174723
turn,1.78333,-0.888619,0,0.000653098,-0.0842377,0,0.0082711,-0.76036,-0.0289489,-0.780577,-0.0269639,-1.1675,0,0.0373114,4,0.0833333,-0.32022,0,-0.0221228,0,0.916667,-0.390827,-0.01717,0.369721,0.728147,0,-1,4.37114e-08,0.00141071
turn,1.8,-0.89005,0,0.000802455,-0.0858368,0,0.00896138,-0.75885,-0.0287129,-0.779451,-0.0265622,-1.1675,0,0.0373114,4,0.166667,-0.32022,0,-0.0221228,0,0.833333,-0.461433,-0.0122171,0.297874,0.71055,0,-1,4.37114e-08,0.00143839
turn,1.81667,-0.891752,0,0.000949322,-0.102121,0,0.00881203,-0.758053,-0.028366,-0.782562,-0.0262511,-1.1675,0,0.0373114,4,0.25,-0.32022,0,-0.0221228,0,0.75,-0.53204,-0.00726429,0.226996,0.68276,0,-1,4.37114e-08,0.00170834
turn,1.83333,-0.893718,0,0.00109374,-0.117997,0,0.00866516,-0.758082,-0.0279272,-0.786401,-0.0258476,-1.1675,0,0.0373114,4,0.333333,-0.32022,0,-0.0221228,0,0.666667,-0.602646,-0.00231144,0.157532,0.637242,0,-1,4.37114e-08,0.00197192
turn,1.85,-0.895943,0,0.00123575,-0.133482,0,0.00852074,-0.759027,-0.0273785,-0.791063,-0.0253335,-1.1675,0,0.0373114,4,0.416667,-0.32022,0,-0.0221228,0,0.583333,-0.673253,0.00264141,0.090876,0.59476,0,-1,4.37114e-08,0.00222922
turn,1.86667,-0.89842,0,0.0013754,-0.148589,0,0.00837873,-0.760956,-0.0266391,-0.796618,-0.0246282,-1.1675,0,0.0373114,0,0.5,-0.32022,0,-0.0221228,0,0.5,-0.74386,0.00759426,0.0382651,0.555109,0,-1,4.37114e-08,0.00248042
turn,1.88333,-0.901142,0,0.00151272,-0.163334,0,0.00823909,-0.763809,-0.0257177,-0.803009,-0.0237403,-1.1675,0,0.0373114,0,0.5,-0.32022,0,-0.0221228,0,0.5,-0.74386,0.00759426,0.0388285,0.518102,0,-1,4.37114e-08,0.00272569
turn,1.9,-0.904078,0,0.00164775,-0.176176,0,0.00810177,-0.767698,-0.0246516,-0.80998,-0.0227072,-1.1675,0,0.0373114,0,0.619048,-0.32022,0,-0.0221228,1,0.380952,-0.844726,0.0146698,0.0864844,0.483562,0,-1,4.37114e-08,0.00293937
turn,1.91667,-0.907214,0,0.00178053,-0.188138,0,0.00796674,-0.772714,-0.023384,-0.817867,-0.021472,-1.1675,0,0.0373114,0,0.738095,-0.32022,0,-0.0221228,1,0.261905,-0.945593,0.0217453,0.178672,0.451324,0,-1,4.37114e-08,0.00313844
turn,1.93333,-0.910691,0,0.00193795,-0.208656,0,0.00944567,-0.779094,-0.0218657,-0.829172,-0.0195987,-1.1675,0,0.0373114,0,0.857143,-0.32022,0,-0.0221228,1,0.142857,-1.04646,0.0288208,0.272127,0.421236,0,-1,4.37114e-08,0.00348116
turn,1.95,-0.915092,0,0.00220037,-0.26404,0,0.0157448,-0.78753,-0.0199883,-0.850899,-0.0162095,-1.1675,0,0.0373114,0,0.976191,-0.32022,0,-0.0221228,1,0.0238095,-1.14733,0.0358963,0.364111,0.400169,0,-1,4.37114e-08,0.00440849
turn,1.96667,-0.920364,0,0.00255851,-0.316316,0,0.0214887,-0.797851,-0.017779,-0.873767,-0.0126217,-1.1675,0,0.0373114,0,1,-0.32022,0,-0.0221228,2,0,-1.1675,0.0373114,0.373731,0.39341,0,-1,4.37114e-08,0.00528409
turn,1.98333,-0.92644,0,0.00300188,-0.364586,0,0.0266022,-0.809875,-0.0152692,-0.897375,-0.00888472,-1.1675,0,0.0373114,0,1,-0.38197,0.0202784,-0.0438124,2,0,-1.1675,0.0373114,0.361469,0.387036,0,-1,4.37114e-08,0.00609258
turn,2,-0.933247,0,0.00351893,-0.408394,0,0.0310232,-0.82341,-0.0124934,-0.921425,-0.00504782,-1.1675,0,0.0373114,0,1,-0.443478,0.0391185,-0.0654166,2,0,-1.1675,0.0373114,0.347675,0.377661,0,-1,4.37114e-08,0.00682618
turn,2.01667,-0.940703,0,0.00409733,-0.447351,0,0.0347038,-0.838261,-0.00948821,-0.945625,-0.0011593,-1.1675,0,0.0373114,0,1,-0.50467,0.0553518,-0.0869099,2,0,-1.1675,0.0373114,0.332548,0.365366,0,-1,4.37114e-08,0.00747825
turn,2.03333,-0.948722,0,0.00472417,-0.48113,0,0.0376105,-0.854229,-0.00629215,-0.9697,0.00273436,-1.1675,0,0.0373114,0,1,-0.565478,0.0680288,-0.108269,2,0,-1.1675,0.0373114,0.31629,0.350276,0,-1,4.37114e-08,0.0080433
turn,2.05,-0.957213,0,0.00538626,-0.509473,0,0.0397253,-0.871113,-0.00294482,-0.993387,0.00658924,-1.1675,0,0.0373114,0,1,-0.625843,0.0764811,-0.129471,2,0,-1.1675,0.0373114,0.299108,0.332553,0,-1,4.37114e-08,0.00851699
turn,2.06667,-0.966083,0,0.00607036,-0.532184,0,0.041046,-0.888712,0.000513714,-1.01644,0.0103647,-1.1675,0,0.0373114,0,1,-0.68571,0.0803547,-0.150499,2,0,-1.1675,0.0373114,0.281205,0.312392,0,-1,4.37114e-08,0.00889607
turn,2.08333,-0.975235,0,0.00676347,-0.549136,0,0.0415869,-0.906829,0.0040436,-1.03862,0.0140244,-1.1675,0,0.0373114,0,1,-0.745072,0.0796658,-0.17135,2,0,-1.1675,0.0373114,0.262785,0.291566,0,-1,4.37114e-08,0.00917848
turn,2.1,-0.984573,0,0.00745313,-0.560272,0,0.0413793,-0.925269,0.0076058,-1.05973,0.0175368,-1.1675,0,0.0373114,0,1,-0.80397,0.0747074,-0.192038,2,0,-1.1675,0.0373114,0.244045,0.272128,0,-1,4.37114e-08,0.0093633
turn,2.11667,-0.994029,0,0.00813129,-0.567362,0,0.0406897,-0.943871,0.0111664,-1.08004,0.0209319,-1.1675,0,0.0373114,0,1,-0.862442,0.0659017,-0.212576,2,0,-1.1675,0.0373114,0.225151,0.253987,0,-1,4.37114e-08,0.00948033
turn,2.13333,-1.0036,0,0.00879815,-0.574284,0,0.0400115,-0.962548,0.0147005,-1.10038,0.0243033,-1.1675,0,0.0373114,0,1,-0.920522,0.0538385,-0.232976,2,0,-1.1675,0.0373114,0.206195,0.237054,0,-1,4.37114e-08,0.00959461
turn,2.15,-1.01328,0,0.00945389,-0.581043,0,0.0393446,-0.981216,0.0181843,-1.12067,0.027627,-1.1675,0,0.0373114,0,1,-0.97824,0.0392381,-0.253249,2,0,-1.1675,0.0373114,0.187263,0.22125,0,-1,4.37114e-08,0.00970623
turn,2.16667,-1.02308,0,0.0100987,-0.587645,0,0.0386889,-0.999799,0.0215947,-1.14083,0.03088,-1.1675,0,0.0373114,0,1,-1.03562,0.0229117,-0.273405,2,0,-1.1675,0.0373114,0.168435,0.2065,0,-1,4.37114e-08,0.00981529
turn,2.18333,-1.03298,0,0.0107328,-0.594096,0,0.0380441,-1.01823,0.0249103,-1.16081,0.0340409,-1.1675,0,0.0373114,0,1,-1.0927,0.00571984,-0.293453,2,0,-1.1675,0.0373114,0.149785,0.192734,0,-1,4.37114e-08,0.00992188
turn,2.2,-1.04299,0,0.0113563,-0.600401,0,0.03741,-1.03644,0.0281111,-1.18054,0.0370895,-1.1675,0,0.0373114,0,1,-1.11149,0,-0.300053,3,0,-1.1675,0.0373114,0.13138,0.179885,0,-1,4.37114e-08,0.0100261
turn,2.21667,-1.0531,0,0.0119694,-0.606565,0,0.0367865,-1.05438,0.0311785,-1.19996,0.0400073,-1.1675,0,0.0373114,0,1,-1.11149,0,-0.300053,4,0,-1.1675,0.0373114,0.113282,0.167893,0,-1,4.37114e-08,0.010128
turn,2.23333,-1.06331,0,0.0125723,-0.612592,0,0.0361734,-1.07199,0.034041,-1.21901,0.0427227,-1.1675,0,0.0373114,0,0.916667,-1.11149,0,-0.300053,4,0.0833333,-1.16283,0.00919766,0.0941775,0.1567,0,-1,4.37114e-08,0.0102276
turn,2.25,-1.07361,0,0.0131651,-0.618487,0,0.0355705,-1.08921,0.0366328,-1.23765,0.0451697,-1.1675,0,0.0373114,0,0.833333,-1.11149,0,-0.300053,4,0.166667,-1.15816,-0.018916,0.0885458,0.146253,0,-1,4.37114e-08,0.0103252
turn,2.26667,-1.08402,0,0.0137481,-0.624255,0,0.0349777,-1.106,0.038894,-1.25582,0.0472887,-1.1675,0,0.0373114,0,0.75,-1.11149,0,-0.300053,4,0.25,-1.1535,-0.0470297,0.0981792,0.136503,0,-1,4.37114e-08,0.0104206
turn,2.28333,-1.09452,0,0.0143213,-0.6299,0,0.0343947,-1.12231,0.0407769,-1.27348,0.0490316,-1.1675,0,0.0373114,0,0.666667,-1.11149,0,-0.300053,4,0.333333,-1.14883,-0.0751434,0.118916,0.127403,0,-1,4.37114e-08,0.010514
turn,2.3,-1.10511,0,0.014885,-0.635425,0,0.0338215,-1.13811,0.0422367,-1.29061,0.0503539,-1.1675,0,0.0373114,0,0.583333,-1.11149,0,-0.300053,4,0.416667,-1.14416,-0.103257,0.14562,0.118909,0,-1,4.37114e-08,0.0106054
turn,2.31667,-1.11579,0,0.0154393,-0.640834,0,0.0332578,-1.15339,0.0432211,-1.30719,0.051203,-1.1675,0,0.0373114,0,0.5,-1.11149,0,-0.300053,0,0.5,-1.1395,-0.131371,0.175144,0.110982,0,-1,4.37114e-08,0.0106949
turn,2.33333,-1.12656,0,0.0159844,-0.646131,0,0.0327035,-1.16814,0.0437477,-1.32322,0.0515965,-1.1675,0,0.0373114,0,0.5,-1.11149,0,-0.300053,0,0.5,-1.1395,-0.131371,0.177447,0.103583,0,-1,4.37114e-08,0.0107826
turn,2.35,-1.13741,0,0.0165203,-0.651319,0,0.0321584,-1.18237,0.0438365,-1.33869,0.0515545,-1.1675,0,0.0373114,0,0.5,-1.11149,0,-0.300053,0,0.5,-1.1395,-0.131371,0.180378,0.0966775,0,-1,4.37114e-08,0.0108685
turn,2.36667,-1.14835,0,0.0170474,-0.656401,0,0.0316224,-1.19608,0.04351,-1.35361,0.0510994,-1.1675,0,0.0373114,0,0.5,-1.11149,0,-0.300053,0,0.5,-1.1395,-0.131371,0.183806,0.0902324,0,-1,4.37114e-08,0.0109527
turn,2.38333,-1.15935,0,0.0175656,-0.659936,0,0.0310954,-1.20922,0.0427238,-1.36761,0.0501867,-1.1675,0,0.0373114,1,0.380952,-1.11149,0,-0.300053,0,0.619048,-1.13283,-0.171533,0.227469,0.0842169,0,-1,4.37114e-08,0.0110111
turn,2.4,-1.17037,0,0.0179914,-0.661215,0,0.0255479,-1.22178,0.0413369,-1.38047,0.0474683,-1.1675,0,0.0373114,1,0.261905,-1.11149,0,-0.300053,0,0.738095,-1.12616,-0.211696,0.270496,0.0786024,0,-1,4.37114e-08,0.0110285
turn,2.41667,-1.18135,0,0.0181244,-0.65848,0,0.00797807,-1.23367,0.0391103,-1.39171,0.041025,-1.1675,0,0.0373114,1,0.142857,-1.11149,0,-0.300053,0,0.857143,-1.11949,-0.251858,0.312569,0.0734652,0,-1,4.37114e-08,0.0109755
turn,2.43333,-1.19221,0,0.0177354,-0.652035,0,-0.0233427,-1.24486,0.035813,-1.40135,0.0302108,-1.1675,0,0.0373114,1,0.0238095,-1.11149,0,-0.300053,0,0.976191,-1.11282,-0.29202,0.353424,0.154884,0,-1,4.37114e-08,0.0108742
turn,2.45,-1.20297,0,0.0168352,-0.645212,0,-0.0540082,-1.25537,0.0315145,-1.41022,0.0185525,-1.1675,0,0.0373114,2,0,-1.11149,0,-0.300053,0,1,-1.11149,-0.300053,0.361439,0.236411,0,-1,4.37114e-08,0.0107911
turn,2.46667,-1.2136,0,0.0154389,-0.637726,0,-0.0837766,-1.26521,0.0262853,-1.41826,0.00617891,-1.18458,0.0189053,0.0578044,2,0,-1.11149,0,-0.300053,0,1,-1.11149,-0.300053,0.36073,0.302827,0,-1,4.37114e-08,0.0107201
turn,2.48333,-1.22409,0,0.0135651,-0.629668,0,-0.112432,-1.27441,0.0201979,-1.42553,-0.0067859,-1.20203,0.0379271,0.078728,2,0,-1.11149,0,-0.300053,0,1,-1.11149,-0.300053,0.359308,0.353392,0,-1,4.37114e-08,0.0106605
turn,2.5,-1.23444,0,0.0112353,-0.621145,0,-0.139786,-1.28298,0.013326,-1.43206,-0.0202227,-1.21975,0.0554451,0.0999862,2,0,-1.11149,0,-0.300053,0,1,-1.11149,-0.300053,0.357234,0.391263,0,-1,4.37114e-08,0.0106113
turn,2.51667,-1.24465,0,0.00847401,-0.612273,0,-0.165678,-1.29096,0.00574446,-1.43791,-0.0340181,-1.23768,0.0699635,0.121496,2,0,-1.11149,0,-0.300053,0,1,-1.11149,-0.300053,0.354574,0.418967,0,-1,4.37114e-08,0.0105715
turn,2.53333,-1.2547,0,0.00530779,-0.603171,0,-0.189973,-1.29838,-0.00247205,-1.44314,-0.0480655,-1.25576,0.0802454,0.143187,2,0,-1.11149,0,-0.300053,0,1,-1.11149,-0.300053,0.351398,0.438537,0,-1,4.37114e-08,0.0105397
turn,2.55,-1.2646,0,0.00176501,-0.593962,0,-0.212567,-1.30525,-0.011249,-1.4478,-0.0622652,-1.27395,0.0854154,0.165001,2,0,-1.11149,0,-0.300053,0,1,-1.11149,-0.300053,0.347779,0.451619,0,-1,4.37114e-08,0.0105142
turn,2.56667,-1.27435,0,-0.00212472,-0.584765,0,-0.233384,-1.31161,-0.020513,-1.45196,-0.076525,-1.2922,0.0850207,0.18689,2,0,-1.11149,0,-0.300053,0,1,-1.11149,-0.300053,0.34379,0.459553,0,-1,4.37114e-08,0.0104936
turn,2.58333,-1.28394,0,-0.00633093,-0.575697,0,-0.252373,-1.3175,-0.0301917,-1.45567,-0.0907612,-1.31047,0.0790507,0.208816,2,0,-1.11149,0,-0.300053,0,1,-1.11149,-0.300053,0.339509,0.463436,0,-1,4.37114e-08,0.0104764
turn,2.6,-1.29339,0,-0.0108228,-0.566867,0,-0.26951,-1.32295,-0.0402138,-1.459,-0.104896,-1.32876,0.0679166,0.23075,2,0,-1.11149,0,-0.300053,0,1,-1.11149,-0.300053,0.335011,0.464171,0,-1,4.37114e-08,0.0104612
turn,2.61667,-1.30269,0,-0.0155694,-0.558379,0,-0.284799,-1.328,-0.0504987,-1.46201,-0.118851,-1.34704,0.052414,0.252678,2,0,-1.11149,0,-0.300053,0,1,-1.11149,-0.300053,0.330386,0.46366,0,-1,4.37114e-08,0.0104469
turn,2.63333,-1.31187,0,-0.0205406,-0.550323,0,-0.298268,-1.3327,-0.060969,-1.46477,-0.132553,-1.36531,0.0335736,0.274596,2,0,-1.11149,0,-0.300053,0,1,-1.11149,-0.300053,0.32572,0.462529,0,-1,4.37114e-08,0.0104326
turn,2.65,-1.32091,0,-0.0257068,-0.542773,0,-0.309971,-1.33708,-0.0715507,-1.46734,-0.145944,-1.38357,0.012623,0.296497,2,0,-1.11149,0,-0.300053,0,1,-1.11149,-0.300053,0.321095,0.460866,0,-1,4.37114e-08,0.0104175
turn,2.66667,-1.32984,0,-0.0310398,-0.535786,0,-0.319983,-1.34118,-0.0821742,-1.46977,-0.15897,-1.39418,0,0.309228,3,0,-1.11149,0,-0.300053,0,1,-1.11149,-0.300053,0.316591,0.458764,0,-1,4.37114e-08,0.0104011
turn,2.68333,-1.33867,0,-0.0365131,-0.529398,0,-0.328398,-1.34506,-0.0927747,-1.47211,-0.17159,-1.39418,0,0.309228,4,0,-1.11149,0,-0.300053,0,1,-1.11149,-0.300053,0.312278,0.456315,0,-1,4.37114e-08,0.010383
turn,2.7,-1.34758,0,-0.0419308,-0.534737,0,-0.32506,-1.34897,-0.103018,-1.47731,-0.181032,-1.39418,0,0.309228,4,0.0833333,-1.11149,0,-0.300053,0,0.916667,-1.13505,-0.24928,0.259145,0.453615,0,-1,4.37114e-08,0.0104298
turn,2.71667,-1.35662,0,-0.0472582,-0.542826,0,-0.319643,-1.35305,-0.112742,-1.48332,-0.189457,-1.39418,0,0.309228,4,0.166667,-1.11149,0,-0.300053,0,0.833333,-1.15861,-0.198506,0.212514,0.44515,0,-1,4.37114e-08,0.0104991
turn,2.73333,-1.3658,0,-0.0524968,-0.550745,0,-0.314315,-1.35734,-0.121836,-1.48952,-0.197271,-1.39418,0,0.309228,4,0.25,-1.11149,0,-0.300053,0,0.75,-1.18216,-0.147733,0.177076,0.432825,0,-1,4.37114e-08,0.0105687
turn,2.75,-1.37511,0,-0.057648,-0.558444,0,-0.309077,-1.36191,-0.130199,-1.49594,-0.204377,-1.39418,0,0.309228,4,0.333333,-1.11149,0,-0.300053,0,0.666667,-1.20572,-0.0969592,0.159688,0.40397,0,-1,4.37114e-08,0.0106378
turn,2.76667,-1.38454,0,-0.0627135,-0.565934,0,-0.303926,-1.36682,-0.137744,-1.50264,-0.210686,-1.39418,0,0.309228,4,0.416667,-1.11149,0,-0.300053,0,0.583333,-1.22928,-0.0461858,0.165228,0.377039,0,-1,4.37114e-08,0.0107063
turn,2.78333,-1.3941,0,-0.0676945,-0.573225,0,-0.29886,-1.37208,-0.14439,-1.50966,-0.216116,-1.39418,0,0.309228,0,0.5,-1.11149,0,-0.300053,0,0.5,-1.25284,0.00458762,0.190824,0.351903,0,-1,4.37114e-08,0.0107742
turn,2.8,-1.40377,0,-0.0725925,-0.580323,0,-0.293879,-1.37769,-0.150171,-1.51697,-0.220702,-1.39418,0,0.309228,0,0.5,-1.11149,0,-0.300053,0,0.5,-1.25284,0.00458762,0.198843,0.328443,0,-1,4.37114e-08,0.0108415
turn,2.81667,-1.41356,0,-0.0774088,-0.587237,0,-0.288981,-1.38363,-0.155127,-1.52456,-0.224482,-1.39418,0,0.309228,0,0.5,-1.11149,0,-0.300053,0,0.5,-1.25284,0.00458762,0.206433,0.306547,0,-1,4.37114e-08,0.0109082
turn,2.83333,-1.42343,0,-0.0821449,-0.592476,0,-0.284165,-1.38995,-0.159162,-1.53215,-0.227362,-1.39418,0,0.309228,0,0.619048,-1.11149,0,-0.300053,1,0.380952,-1.28649,0.0771211,0.257943,0.28611,0,-1,4.37114e-08,0.0109516
turn,2.85,-1.43331,0,-0.0864772,-0.592619,0,-0.259938,-1.39662,-0.161858,-1.53885,-0.224243,-1.39418,0,0.309228,0,0.738095,-1.11149,0,-0.300053,1,0.261905,-1.32015,0.149655,0.320763,0.270672,0,-1,4.37114e-08,0.0107853
turn,2.86667,-1.44319,0,-0.0900594,-0.592984,0,-0.21493,-1.40367,-0.1628,-1.54599,-0.214383,-1.39418,0,0.309228,0,0.857143,-1.11149,0,-0.300053,1,0.142857,-1.3538,0.222188,0.388205,0.263463,0,-1,4.37114e-08,0.0105122
turn,2.88333,-1.45316,0,-0.0924714,-0.598081,0,-0.144724,-1.41115,-0.161646,-1.55469,-0.196379,-1.39418,0,0.309228,0,0.976191,-1.11149,0,-0.300053,1,0.0238095,-1.38745,0.294722,0.456982,0.343782,0,-1,4.37114e-08,0.0102557
turn,2.9,-1.4632,0,-0.0937381,-0.602684,0,-0.076001,-1.41901,-0.158495,-1.56365,-0.176735,-1.39418,0,0.309228,0,1,-1.11149,0,-0.300053,2,0,-1.39418,0.309228,0.468381,0.43092,0,-1,4.37114e-08,0.0101243
turn,2.91667,-1.47331,0,-0.0938933,-0.606329,0,-0.00931193,-1.4272,-0.153459,-1.57272,-0.155694,-1.39418,0,0.309228,0,1,-1.15102,0.02225,-0.308654,2,0,-1.39418,0.309228,0.463864,0.498566,0,-1,4.37114e-08,0.0101067
turn,2.93333,-1.48346,0,-0.0929793,-0.608955,0,0.0548397,-1.4357,-0.146656,-1.58185,-0.133495,-1.39418,0,0.309228,0,1,-1.19137,0.0442296,-0.317432,2,0,-1.39418,0.309228,0.45777,0.544125,0,-1,4.37114e-08,0.0101903
turn,2.95,-1.49363,0,-0.091046,-0.610536,0,0.116,-1.44444,-0.138211,-1.59097,-0.110371,-1.39418,0,0.309228,0,1,-1.23223,0.0636728,-0.326321,2,0,-1.39418,0.309228,0.450253,0.571989,0,-1,4.37114e-08,0.0103576
turn,2.96667,-1.50382,0,-0.0881498,-0.611079,0,0.173767,-1.45339,-0.128255,-1.60005,-0.0865504,-1.39418,0,0.309228,0,1,-1.27334,0.0786493,-0.335267,2,0,-1.39418,0.309228,0.441471,0.585729,0,-1,4.37114e-08,0.0105884
turn,2.98333,-1.514,0,-0.0843533,-0.610623,0,0.227793,-1.46251,-0.116921,-1.60906,-0.0622501,-1.39418,0,0.309228,0,1,-1.31451,0.0877817,-0.344223,2,0,-1.39418,0.309228,0.431592,0.588278,0,-1,4.37114e-08,0.0108621
turn,3,-1.52415,0,-0.0797235,-0.609247,0,0.277787,-1.47177,-0.104347,-1.61799,-0.0376776,-1.39418,0,0.309228,0,1,-1.35564,0.0905082,-0.353172,2,0,-1.39418,0.309228,0.420789,0.586367,0,-1,4.37114e-08,0.0111598
turn,3.01667,-1.53427,0,-0.0743316,-0.607059,0,0.323516,-1.48113,-0.0906717,-1.62682,-0.0130279,-1.39418,0,0.309228,0,1,-1.39669,0.0867245,-0.362102,2,0,-1.39418,0.309228,0.409242,0.582105,0,-1,4.37114e-08,0.0114647
turn,3.03333,-1.54434,0,-0.0682515,-0.604186,0,0.364806,-1.49056,-0.0760355,-1.63556,0.0115179,-1.39418,0,0.309228,0,1,-1.43762,0.0767852,-0.371007,2,0,-1.39418,0.309228,0.397135,0.575737,0,-1,4.37114e-08,0.011763
turn,3.05,-1.55435,0,-0.061559,-0.600773,0,0.401547,-1.50003,-0.0605816,-1.64422,0.0357896,-1.39418,0,0.309228,0,1,-1.47839,0.0615137,-0.379879,2,0,-1.39418,0.309228,0.38466,0.567531,0,-1,4.37114e-08,0.0120435
turn,3.06667,-1.5643,0,-0.0543308,-0.596984,0,0.433693,-1.50952,-0.0444789,-1.6528,0.0596074,-1.39418,0,0.309228,0,1,-1.51899,0.0421135,-0.388711,2,0,-1.39418,0.309228,0.372037,0.557781,0,-1,4.37114e-08,0.0122981
turn,3.08333,-1.57418,0,-0.0466429,-0.592991,0,0.461272,-1.519,-0.0278918,-1.66131,0.0828135,-1.39418,0,0.309228,0,1,-1.55938,0.0200528,-0.397499,2,0,-1.39418,0.309228,0.359483,0.546796,0,-1,4.37114e-08,0.0125212
turn,3.1,-1.584,0,-0.0385698,-0.588976,0,0.484386,-1.52843,-0.0109779,-1.66979,0.105275,-1.39418,0,0.309228,0,1,-1.59425,0,-0.405085,3,0,-1.39418,0.309228,0.34721,0.5349,0,-1,4.37114e-08,0.0127096
turn,3.11667,-1.59375,0,-0.0301831,-0.585118,0,0.503207,-1.53781,0.00611279,-1.67824,0.126883,-1.39418,0,0.309228,0,1,-1.59425,0,-0.405085,4,0,-1.39418,0.309228,0.335423,0.52242,0,-1,4.37114e-08,0.0128623
turn,3.13333,-1.60357,0,-0.0218266,-0.589138,0,0.501389,-1.54727,0.0228474,-1.68867,0.143181,-1.39418,0,0.309228,0,0.916667,-1.59425,0,-0.405085,4,0.0833333,-1.41086,0.249702,0.264713,0.509679,0,-1,4.37114e-08,0.0128935
turn,3.15,-1.61351,0,-0.0136094,-0.596457,0,0.493032,-1.55688,0.038943,-1.70003,0.157271,-1.39418,0,0.309228,0,0.833333,-1.59425,0,-0.405085,4,0.166667,-1.42753,0.190176,0.199004,0.490335,0,-1,4.37114e-08,0.0128975
turn,3.16667,-1.62357,0,-0.00552912,-0.603585,0,0.484815,-1.56663,0.0542442,-1.71149,0.1706,-1.39418,0,0.309228,0,0.75,-1.59425,0,-0.405085,4,0.25,-1.4442,0.13065,0.144313,0.467369,0,-1,4.37114e-08,0.0129031
turn,3.18333,-1.63375,0,0.00241646,-0.6105,0,0.476735,-1.57652,0.068605,-1.72304,0.183021,-1.39418,0,0.309228,0,0.666667,-1.59425,0,-0.405085,4,0.333333,-1.46087,0.0711237,0.115674,0.436211,0,-1,4.37114e-08,0.0129098
turn,3.2,-1.64403,0,0.0102296,-0.617213,0,0.468789,-1.58656,0.0819027,-1.73469,0.194412,-1.39418,0,0.309228,0,0.583333,-1.59425,0,-0.405085,4,0.416667,-1.47754,0.0115975,0.129717,0.40713,0,-1,4.37114e-08,0.0129176
turn,3.21667,-1.65443,0,0.0179125,-0.623733,0,0.460976,-1.59676,0.0940426,-1.74646,0.204677,-1.39418,0,0.309228,0,0.5,-1.59425,0,-0.405085,0,0.5,-1.49422,-0.0479286,0.175131,0.379988,0,-1,4.37114e-08,0.0129265
turn,3.23333,-1.66493,0,0.0254674,-0.630068,0,0.453293,-1.60711,0.10505,-1.75833,0.21384,-1.39418,0,0.309228,0,0.5,-1.59425,0,-0.405085,0,0.5,-1.49422,-0.0479286,0.190126,0.354656,0,-1,4.37114e-08,0.0129364
turn,3.25,-1.67553,0,0.0328964,-0.636227,0,0.445738,-1.6176,0.114955,-1.77029,0.221932,-1.39418,0,0.309228,0,0.5,-1.59425,0,-0.405085,0,0.5,-1.49422,-0.0479286,0.20434,0.331012,0,-1,4.37114e-08,0.0129472
turn,3.26667,-1.68621,0,0.0402016,-0.640716,0,0.438309,-1.62821,0.123616,-1.78198,0.22881,-1.39418,0,0.309228,1,0.380952,-1.59425,0,-0.405085,0,0.619048,-1.51803,-0.132966,0.279236,0.310665,0,-1,4.37114e-08,0.0129382
turn,3.28333,-1.69683,0,0.0468887,-0.637016,0,0.401231,-1.63884,0.130464,-1.79173,0.226759,-1.39418,0,0.309228,1,0.261905,-1.59425,0,-0.405085,0,0.738095,-1.54185,-0.218003,0.361713,0.301751,0,-1,4.37114e-08,0.0125474
turn,3.3,-1.70736,0,0.0525295,-0.631829,0,0.338447,-1.64954,0.135136,-1.80118,0.216363,-1.39418,0,0.309228,1,0.142857,-1.59425,0,-0.405085,0,0.857143,-1.56567,-0.303041,0.446131,0.308437,0,-1,4.37114e-08,0.0119461
turn,3.31667,-1.71784,0,0.0566187,-0.628904,0,0.24535,-1.66039,0.137193,-1.81133,0.196077,-1.39418,0,0.309228,1,0.0238095,-1.59425,0,-0.405085,0,0.976191,-1.58949,-0.388078,0.530035,0.424167,0,-1,4.37114e-08,0.0112511
turn,3.33333,-1.72826,0,0.0591691,-0.624964,0,0.153025,-1.67136,0.13674,-1.82135,0.173466,-1.39418,0,0.309228,2,0,-1.59425,0,-0.405085,0,1,-1.59425,-0.405085,0.547284,0.54567,0,-1,4.37114e-08,0.0107238
turn,3.35,-1.73858,0,0.0602054,-0.619573,0,0.0621789,-1.68238,0.133891,-1.83108,0.148814,-1.44158,0.0250621,0.315892,2,0,-1.59425,0,-0.405085,0,1,-1.59425,-0.405085,0.546135,0.641069,0,-1,4.37114e-08,0.0103781
turn,3.36667,-1.7488,0,0.0597632,-0.612699,0,-0.0265334,-1.69342,0.128769,-1.84047,0.122401,-1.49052,0.0501813,0.322773,2,0,-1.59425,0,-0.405085,0,1,-1.59425,-0.405085,0.542988,0.707661,0,-1,4.37114e-08,0.0102212
turn,3.38333,-1.75887,0,0.057888,-0.604354,0,-0.112509,-1.70442,0.121507,-1.84947,0.0945052,-1.54052,0.0721864,0.329802,2,0,-1.59425,0,-0.405085,0,1,-1.59425,-0.405085,0.537995,0.751029,0,-1,4.37114e-08,0.0102456
turn,3.4,-1.76878,0,0.0546347,-0.594582,0,-0.195201,-1.71533,0.112244,-1.85803,0.0653956,-1.59113,0.0883052,0.336918,2,0,-1.59425,0,-0.405085,0,1,-1.59425,-0.405085,0.53131,0.775674,0,-1,4.37114e-08,0.0104301
turn,3.41667,-1.7785,0,0.050066,-0.583462,0,-0.27412,-1.7261,0.101123,-1.86613,0.0353345,-1.642,0.0965918,0.344069,2,0,-1.59425,0,-0.405085,0,1,-1.59425,-0.405085,0.523099,0.785251,0,-1,4.37114e-08,0.0107441
turn,3.43333,-1.78802,0,0.0442521,-0.571106,0,-0.348836,-1.73669,0.0882946,-1.87375,0.00457396,-1.69284,0.0962259,0.351216,2,0,-1.59425,0,-0.405085,0,1,-1.59425,-0.405085,0.513529,0.784484,0,-1,4.37114e-08,0.0111536
turn,3.45,-1.79731,0,0.0372691,-0.557668,0,-0.418979,-1.74704,0.0739097,-1.88088,-0.0266452,-1.74358,0.0875052,0.358351,2,0,-1.59425,0,-0.405085,0,1,-1.59425,-0.405085,0.502774,0.780653,0,-1,4.37114e-08,0.0116254
turn,3.46667,-1.80637,0,0.0291984,-0.543317,0,-0.484241,-1.75713,0.0581227,-1.88752,-0.0580952,-1.79415,0.071305,0.365461,2,0,-1.59425,0,-0.405085,0,1,-1.59425,-0.405085,0.49101,0.773968,0,-1,4.37114e-08,0.0121299
turn,3.48333,-1.81517,0,0.0201254,-0.528238,0,-0.54438,-1.76691,0.0410883,-1.89369,-0.0895628,-1.84449,0.0491889,0.372538,2,0,-1.59425,0,-0.405085,0,1,-1.59425,-0.405085,0.478417,0.764672,0,-1,4.37114e-08,0.0126424
turn,3.5,-1.82372,0,0.0101385,-0.512629,0,-0.599214,-1.77636,0.0229605,-1.89939,-0.120851,-1.89454,0.0232203,0.379574,2,0,-1.59425,0,-0.405085,0,1,-1.59425,-0.405085,0.465174,0.753035,0,-1,4.37114e-08,0.0131429
turn,3.51667,-1.832,0,-0.000671919,-0.496699,0,-0.648627,-1.78545,0.00389171,-1.90466,-0.151779,-1.93655,0,0.385481,3,0,-1.59425,0,-0.405085,0,1,-1.59425,-0.405085,0.451463,0.739355,0,-1,4.37114e-08,0.013616
turn,3.53333,-1.84001,0,-0.0122147,-0.480662,0,-0.692567,-1.79416,-0.0159689,-1.90952,-0.182185,-1.93655,0,0.385481,4,0,-1.59425,0,-0.405085,0,1,-1.59425,-0.405085,0.437464,0.723952,0,-1,4.37114e-08,0.0140504
turn,3.55,-1.84791,0,-0.0240769,-0.474158,0,-0.711733,-1.80265,-0.0361587,-1.91644,-0.206975,-1.93655,0,0.385481,4,0.0833333,-1.59425,0,-0.405085,0,0.916667,-1.62278,-0.339205,0.352407,0.707161,0,-1,4.37114e-08,0.0142536
turn,3.56667,-1.85589,0,-0.0358735,-0.478905,0,-0.707797,-1.81114,-0.0561163,-1.92607,-0.225988,-1.93655,0,0.385481,4,0.166667,-1.59425,0,-0.405085,0,0.833333,-1.6513,-0.273324,0.26968,0.680342,0,-1,4.37114e-08,0.0142432
turn,3.58333,-1.86403,0,-0.0474736,-0.488531,0,-0.696,-1.81976,-0.0755044,-1.93701,-0.242544,-1.93655,0,0.385481,4,0.25,-1.59425,0,-0.405085,0,0.75,-1.67983,-0.207444,0.192326,0.646956,0,-1,4.37114e-08,0.0141723
turn,3.6,-1.87233,0,-0.0588802,-0.497867,0,-0.6844,-1.82855,-0.0941414,-1.94804,-0.258398,-1.93655,0,0.385481,4,0.333333,-1.59425,0,-0.405085,0,0.666667,-1.70835,-0.141563,0.129213,0.603826,0,-1,4.37114e-08,0.0141055
turn,3.61667,-1.88078,0,-0.0700968,-0.506926,0,-0.672994,-1.83754,-0.11186,-1.9592,-0.273378,-1.93655,0,0.385481,4,0.416667,-1.59425,0,-0.405085,0,0.583333,-1.73688,-0.0756828,0.106965,0.563571,0,-1,4.37114e-08,0.0140425
turn,3.63333,-1.88938,0,-0.0811264,-0.515722,0,-0.661777,-1.84676,-0.128508,-1.97053,-0.287335,-1.93655,0,0.385481,0,0.5,-1.59425,0,-0.405085,0,0.5,-1.7654,-0.00980228,0.143909,0.525999,0,-1,4.37114e-08,0.0139833
turn,3.65,-1.89811,0,-0.0919722,-0.524266,0,-0.650748,-1.85618,-0.14409,-1.982,-0.30027,-1.93655,0,0.385481,0,0.5,-1.59425,0,-0.405085,0,0.5,-1.7654,-0.00980228,0.162091,0.490933,0,-1,4.37114e-08,0.0139277
turn,3.66667,-1.90696,0,-0.102637,-0.531024,0,-0.639902,-1.86583,-0.158424,-1.99328,-0.312,-1.93655,0,0.385481,0,0.619048,-1.59425,0,-0.405085,1,0.380952,-1.80615,0.0843128,0.249965,0.458204,0,-1,4.37114e-08,0.013859
turn,3.68333,-1.91589,0,-0.112688,-0.535564,0,-0.603063,-1.87572,-0.170908,-2.00425,-0.315643,-1.93655,0,0.385481,0,0.738095,-1.59425,0,-0.405085,1,0.261905,-1.8469,0.178428,0.350522,0.437515,0,-1,4.37114e-08,0.0134424
turn,3.7,-1.92495,0,-0.121604,-0.543431,0,-0.53495,-1.88589,-0.181077,-2.01631,-0.309465,-1.93655,0,0.385481,0,0.857143,-1.59425,0,-0.405085,1,0.142857,-1.88765,0.272543,0.453623,0.431399,0,-1,4.37114e-08,0.0127092
turn,3.71667,-1.93428,0,-0.128784,-0.559765,0,-0.430768,-1.89646,-0.188406,-2.03081,-0.291791,-1.93655,0,0.385481,0,0.976191,-1.59425,0,-0.405085,1,0.0238095,-1.9284,0.366658,0.555983,0.532303,0,-1,4.37114e-08,0.0117721
turn,3.73333,-1.94386,0,-0.134221,-0.574804,0,-0.32624,-1.90737,-0.192962,-2.04532,-0.271259,-1.93655,0,0.385481,0,1,-1.59425,0,-0.405085,2,0,-1.93655,0.385481,0.579178,0.633637,0,-1,4.37114e-08,0.0110156
turn,3.75,-1.95366,0,-0.137924,-0.588005,0,-0.222175,-1.91855,-0.194822,-2.05967,-0.248144,-1.93655,0,0.385481,0,1,-1.6376,0.0266256,-0.414669,2,0,-1.93655,0.385481,0.580582,0.713016,0,-1,4.37114e-08,0.0104763
turn,3.76667,-1.96364,0,-0.139913,-0.599273,0,-0.119345,-1.92992,-0.194081,-2.07375,-0.222723,-1.93655,0,0.385481,0,1,-1.68231,0.0530132,-0.424553,2,0,-1.93655,0.385481,0.579599,0.775196,0,-1,4.37114e-08,0.010184
turn,3.78333,-1.97379,0,-0.140221,-0.608555,0,-0.0184827,-1.94143,-0.190843,-2.08748,-0.195279,-1.93655,0,0.385481,0,1,-1.72815,0.0760395,-0.434685,2,0,-1.93655,0.385481,0.576344,0.823903,0,-1,4.37114e-08,0.0101473
turn,3.8,-1.98405,0,-0.138892,-0.615809,0,0.0797252,-1.95301,-0.185225,-2.10081,-0.166091,-1.93655,0,0.385481,0,1,-1.77468,0.0924345,-0.444972,2,0,-1.93655,0.385481,0.570943,0.852958,0,-1,4.37114e-08,0.0103491
turn,3.81667,-1.9944,0,-0.135982,-0.621032,0,0.17464,-1.9646,-0.177354,-2.11365,-0.135441,-1.93655,0,0.385481,0,1,-1.82151,0.0999443,-0.455323,2,0,-1.93655,0.385481,0.563534,0.864927,0,-1,4.37114e-08,0.010752
turn,3.83333,-2.00481,0,-0.131554,-0.624259,0,0.265672,-1.97615,-0.167364,-2.12598,-0.103603,-1.93655,0,0.385481,0,1,-1.86832,0.0977022,-0.465672,2,0,-1.93655,0.385481,0.554262,0.864315,0,-1,4.37114e-08,0.0113073
turn,3.85,-2.01523,0,-0.125682,-0.62558,0,0.35229,-1.98761,-0.155399,-2.13775,-0.0708499,-1.93655,0,0.385481,0,1,-1.91503,0.0862592,-0.475997,2,0,-1.93655,0.385481,0.543285,0.860114,0,-1,4.37114e-08,0.0119659
turn,3.86667,-2.02565,0,-0.118449,-0.625109,0,0.434014,-1.99893,-0.141608,-2.14896,-0.0374447,-1.93655,0,0.385481,0,1,-1.96155,0.0668464,-0.486281,2,0,-1.93655,0.385481,0.530767,0.852478,0,-1,4.37114e-08,0.0126834
turn,3.88333,-2.03603,0,-0.109942,-0.622982,0,0.510427,-2.01007,-0.126145,-2.15959,-0.00364248,-1.93655,0,0.385481,0,1,-2.00781,0.041492,-0.496507,2,0,-1.93655,0.385481,0.516881,0.841599,0,-1,4.37114e-08,0.0134231
turn,3.9,-2.04636,0,-0.100255,-0.619361,0,0.58117,-2.021,-0.109168,-2.16965,0.0303124,-1.93655,0,0.385481,0,1,-2.05373,0.0127582,-0.50666,2,0,-1.93655,0.385481,0.501806,0.827715,0,-1,4.37114e-08,0.0141556
turn,3.91667,-2.0566,0,-0.0894895,-0.614425,0,0.645949,-2.03169,-0.0908394,-2.17915,0.0641883,-1.93655,0,0.385481,0,1,-2.07345,0,-0.511018,3,0,-1.93655,0.385481,0.485727,0.811101,0,-1,4.37114e-08,0.0148583
turn,3.93333,-2.06674,0,-0.0777473,-0.608377,0,0.704532,-2.0421,-0.0713202,-2.18811,0.0977673,-1.93655,0,0.385481,0,1,-2.07345,0,-0.511018,4,0,-1.93655,0.385481,0.468836,0.792076,0,-1,4.37114e-08,0.0155142
turn,3.95,-2.07683,0,-0.0655041,-0.605917,0,0.734595,-2.05235,-0.0511506,-2.19777,0.125152,-1.93655,0,0.385481,0,0.916667,-2.07345,0,-0.511018,4,0.0833333,-1.94796,0.310773,0.376676,0.770991,0,-1,4.37114e-08,0.0158707
turn,3.96667,-2.08698,0,-0.0532181,-0.608908,0,0.737162,-2.06253,-0.0309866,-2.20866,0.145932,-1.93655,0,0.385481,0,0.833333,-2.07345,0,-0.511018,4,0.166667,-1.95937,0.236064,0.286282,0.73893,0,-1,4.37114e-08,0.0159354
turn,3.98333,-2.09726,0,-0.0411368,-0.616526,0,0.724876,-2.07272,-0.0113074,-2.22068,0.162663,-1.93655,0,0.385481,0,0.75,-2.07345,0,-0.511018,4,0.25,-1.97078,0.161356,0.200511,0.699865,0,-1,4.37114e-08,0.0158601
moderate_shove,0,0,0,0.0344167,0,0,2.065,0,0.0346708,0,0.530271,-0.12,0,0,0,0.5,0.12,0,0,0,0.5,0,0,0.0346708,0.0605532,0,0,0,0.0344167
moderate_shove,0.0166667,0,0,0.0682597,0,0,2.03058,5.808e-05,0.0689416,5.808e-05,0.556282,-0.12,0,0,1,0.380952,0.12,0,0,0,0.619048,0.0285714,0,0.0746053,0.121269,0,0,0,0.0338431
moderate_shove,0.0333333,0,0,0.101539,0,0,1.99674,0.000227824,0.102747,0.000227824,0.581965,-0.12,0,0,1,0.261905,0.12,0,0,0,0.738095,0.0571429,0,0.117457,0.182416,0,0,0,0.033279
moderate_shove,0.05,0,0,0.134263,0,0,1.96346,0.000558238,0.136027,0.000558238,0.607258,-0.12,0,0,1,0.142857,0.12,0,0,0,0.857143,0.0857143,0,0.160483,0.244494,0,0,0,0.0327244
moderate_shove,0.0666667,0,0,0.166442,0,0,1.93074,0.00110532,0.168727,0.00110532,0.632104,-0.12,0,0,1,0.0238095,0.12,0,0,0,0.976191,0.114286,0,0.203171,0.385124,0,0,0,0.0321789
moderate_shove,0.0833333,0,0,0.198085,0,0,1.89856,0.00184985,0.200798,0.00184985,0.656451,-0.12,0,0,2,0,0.12,0,0,0,1,0.12,0,0.232979,0.510215,0,0,0,0.0316426
moderate_shove,0.1,0,0,0.2292,0,0,1.86692,0.00277249,0.232196,0.00277249,0.680255,-0.120072,0.0221285,0.0235803,2,0,0.12,0,0,0,1,0.12,0,0.26011,0.616335,0,0,0,0.0311153
moderate_shove,0.116667,2.27818e-05,0,0.259751,0.00136691,0,1.83309,0.00387672,0.262838,0.00420477,0.70278,-0.120148,0.045044,0.0480127,2,0,0.12,0,0,0,1,0.12,0,0.287347,0.699463,0,0,0,0.0305516
moderate_shove,0.133333,0.000120648,0,0.289623,0.00587197,0,1.79229,0.00519564,0.292567,0.00660492,0.722717,-0.120225,0.0664642,0.0731568,2,0,0.12,0,0,0,1,0.12,0,0.314285,0.764579,0,0,0,0.0298717
moderate_shove,0.15,0.000334296,0,0.318697,0.0128189,0,1.74447,0.00675095,0.321228,0.00982748,0.7399,-0.120304,0.0841535,0.098888,2,0,0.12,0,0,0,1,0.12,0,0.340606,0.815587,0,0,0,0.0290753
moderate_shove,0.166667,0.000695013,0,0.34686,0.021643,0,1.68976,0.00855509,0.348675,0.0137494,0.754217,-0.120384,0.0961624,0.125099,2,0,0.12,0,0,0,1,0.12,0,0.366052,0.855543,0,0,0,0.0281649
moderate_shove,0.183333,0.00122638,0,0.374001,0.0318819,0,1.62843,0.0106131,0.374771,0.0182648,0.765595,-0.120466,0.101039,0.151698,2,0,0.12,0,0,0,1,0.12,0,0.390408,0.886842,0,0,0,0.0271457
moderate_shove,0.2,0.00194559,0,0.400015,0.0431527,0,1.56086,0.0129239,0.39939,0.0232806,0.773996,-0.120549,0.0979884,0.178609,2,0,0.12,0,0,0,1,0.12,0,0.413494,0.91136,0,0,0,0.0260242
moderate_shove,0.216667,0.0028645,0,0.424806,0.0551348,0,1.48747,0.0154816,0.422418,0.0287139,0.779411,-0.120632,0.0869561,0.20577,2,0,0.12,0,0,0,1,0.12,0,0.435157,0.930565,0,0,0,0.0248081
moderate_shove,0.233333,0.00399046,0,0.448285,0.0675574,0,1.40875,0.0182762,0.443756,0.03449,0.781857,-0.120716,0.0686434,0.233129,2,0,0.12,0,0,0,1,0.12,0,0.455266,0.945609,0,0,0,0.0235062
moderate_shove,0.25,0.00532697,0,0.470373,0.0801908,0,1.32525,0.0212944,0.463317,0.0405402,0.781377,-0.120801,0.0444412,0.260647,2,0,0.12,0,0,0,1,0.12,0,0.473714,0.957394,0,0,0,0.0221279
moderate_shove,0.266667,0.00687428,0,0.490998,0.0928386,0,1.23752,0.0245204,0.481028,0.0468016,0.778034,-0.120886,0.016302,0.288289,2,0,0.12,0,0,0,1,0.12,0,0.490412,0.966625,0,0,0,0.0206834
moderate_shove,0.283333,0.00862984,0,0.510101,0.105333,0,1.14615,0.0279362,0.496832,0.0532162,0.77191,-0.120933,0,0.303521,3,0,0.12,0,0,0,1,0.12,0,0.50529,0.973856,0,0,0,0.0191831
moderate_shove,0.3,0.0105887,0,0.52763,0.117532,0,1.05175,0.0315224,0.510687,0.05973,0.763106,-0.120933,0,0.303521,4,0,0.12,0,0,0,1,0.12,0,0.518295,0.979521,0,0,0,0.0176382
moderate_shove,0.316667,0.0126825,0,0.543678,0.125628,0,0.962866,0.035156,0.522737,0.0653066,0.753825,-0.120933,0,0.303521,4,0.0833333,0.12,0,0,0,0.916667,0.0999223,0.0252934,0.501642,0.983958,0,0,0,0.0161838
moderate_shove,0.333333,0.014847,0,0.558342,0.129873,0,0.87984,0.0387225,0.533137,0.069892,0.744298,-0.120933,0,0.303521,4,0.166667,0.12,0,0,0,0.833333,0.0798445,0.0505868,0.484299,0.987434,0,0,0,0.0148229
moderate_shove,0.35,0.0170233,0,0.571724,0.130574,0,0.802919,0.0421168,0.542043,0.0734546,0.734743,-0.120933,0,0.303521,4,0.25,0.12,0,0,0,0.75,0.0597668,0.0758803,0.466496,0.990156,0,0,0,0.0135578
moderate_shove,0.366667,0.0191632,0,0.584883,0.128398,0,0.789537,0.0452498,0.550571,0.0760652,0.74006,-0.120933,0,0.303521,4,0.333333,0.12,0,0,0,0.666667,0.0396891,0.101174,0.449432,0.968986,0,0,0,0.0133318
moderate_shove,0.383333,0.0212675,0,0.597822,0.126258,0,0.776378,0.0480852,0.558788,0.078387,0.745119,-0.120933,0,0.303521,4,0.416667,0.12,0,0,0,0.583333,0.0196113,0.126467,0.433258,0.946237,0,0,0,0.0131096
moderate_shove,0.4,0.0233368,0,0.610546,0.124153,0,0.763439,0.0505915,0.566755,0.0803883,0.749981,-0.120933,0,0.303521,0,0.5,0.12,0,0,0,0.5,-0.000466395,0.151761,0.418124,0.922117,0,0,0,0.0128911
moderate_shove,0.416667,0.0253715,0,0.623058,0.122084,0,0.750715,0.0527824,0.57449,0.0820826,0.754662,-0.120933,0,0.303521,0,0.5,0.12,0,0,0,0.5,-0.000466395,0.151761,0.42607,0.896838,0,0,0,0.0126763
moderate_shove,0.433333,0.0273723,0,0.635362,0.120049,0,0.738203,0.0546147,0.582069,0.0834266,0.759237,-0.120933,0,0.303521,0,0.619048,0.12,0,0,1,0.380952,-0.0291489,0.187894,0.402976,0.874084,0,0,0,0.012465
moderate_shove,0.45,0.0291521,0,0.646862,0.106787,0,0.690041,0.0558628,0.588964,0.0814917,0.754574,-0.120933,0,0.303521,0,0.738095,0.12,0,0,1,0.261905,-0.0578314,0.224027,0.382237,0.848755,0,0,0,0.0116376
moderate_shove,0.466667,0.030687,0,0.657674,0.0920964,0,0.648724,0.0564703,0.595348,0.0785735,0.751042,-0.120933,0,0.303521,0,0.857143,0.12,0,0,1,0.142857,-0.0865138,0.260161,0.364411,0.820045,0,0,0,0.0109205
moderate_shove,0.483333,0.0319587,0,0.667915,0.0762996,0,0.614452,0.0563804,0.601407,0.0746923,0.748875,-0.120933,0,0.303521,0,0.976191,0.12,0,0,1,0.0238095,-0.115196,0.296294,0.350046,0.812498,0,0,0,0.0103195
moderate_shove,0.5,0.032962,0,0.67757,0.0601953,0,0.579292,0.0556257,0.607116,0.0700725,0.746146,-0.120933,0,0.303521,0,1,0.12,0,0,2,0,-0.120933,0.303521,0.351202,0.801467,0,0,0,0.00970685
moderate_shove,0.516667,0.0336941,0,0.686627,0.043929,0,0.543392,0.0542421,0.612454,0.0647851,0.742868,-0.120933,0,0.303521,0,1,0.12991,0.0254111,0.0895588,2,0,-0.120933,0.303521,0.355142,0.790042,0,0,0,0.00908608
moderate_shove,0.533333,0.0341547,0,0.695075,0.0276383,0,0.506897,0.0522686,0.617402,0.0589018,0.739057,-0.120933,0,0.303521,0,1,0.139769,0.0487619,0.178665,2,0,-0.120933,0.303521,0.358497,0.778816,0,0,0,0.00846083
moderate_shove,0.55,0.0343456,0,0.702907,0.0114522,0,0.469951,0.0497461,0.621943,0.0524946,0.734732,-0.120933,0,0.303521,0,1,0.149579,0.0685232,0.267326,2,0,-0.120933,0.303521,0.361281,0.767675,0,0,0,0.00783484
moderate_shove,0.566667,0.0342704,0,0.710119,-0.00451031,0,0.432694,0.0467177,0.626064,0.0456352,0.729911,-0.120933,0,0.303521,0,1,0.159341,0.0834517,0.355547,2,0,-0.120933,0.303521,0.363512,0.756524,0,0,0,0.00721196
moderate_shove,0.583333,0.0339348,0,0.716707,-0.0201405,0,0.395267,0.0432276,0.629753,0.0383939,0.724617,-0.120933,0,0.303521,0,1,0.169054,0.0926633,0.443328,2,0,-0.120933,0.303521,0.365207,0.745279,0,0,0,0.00659633
moderate_shove,0.6,0.0333458,0,0.72267,-0.0353405,0,0.357806,0.0393212,0.633001,0.0308395,0.718874,-0.120933,0,0.303521,0,1,0.178718,0.0956797,0.530667,2,0,-0.120933,0.303521,0.366385,0.73387,0,0,0,0.00599245
moderate_shove,0.616667,0.032512,0,0.728011,-0.0500233,0,0.320444,0.0350444,0.635801,0.0230388,0.712707,-0.120933,0,0.303521,0,1,0.188332,0.0924451,0.61756,2,0,-0.120933,0.303521,0.367068,0.72224,0,0,0,0.00540541
moderate_shove,0.633333,0.0314435,0,0.732733,-0.0641131,0,0.283311,0.030443,0.638149,0.0150559,0.706144,-0.120933,0,0.303521,0,1,0.197897,0.0833142,0.704001,2,0,-0.120933,0.303521,0.367275,0.710342,0,0,0,0.00484125
moderate_shove,0.65,0.0301511,0,0.736842,-0.0775454,0,0.246534,0.0255628,0.640045,0.00695187,0.699213,-0.120933,0,0.303521,0,1,0.207411,0.0690125,0.789984,2,0,-0.120933,0.303521,0.367027,0.69814,0,0,0,0.00430737
moderate_shove,0.666667,0.0286466,0,0.740346,-0.090266,0,0.210235,0.0204486,0.641488,-0.00121527,0.691945,-0.120933,0,0.303521,0,1,0.216873,0.0505739,0.875502,2,0,-0.120933,0.303521,0.366347,0.685608,0,0,0,0.00381323
moderate_shove,0.683333,0.0269428,0,0.743255,-0.102232,0,0.174531,0.0151445,0.642483,-0.00939117,0.684371,-0.120933,0,0.303521,0,1,0.226283,0.0292602,0.960546,2,0,-0.120933,0.303521,0.365257,0.672726,0,0,0,0.00337113
moderate_shove,0.7,0.0250526,0,0.74558,-0.11341,0,0.139534,0.00969313,0.643036,-0.0175252,0.676524,-0.120933,0,0.303521,0,1,0.23564,0.00646982,1.04511,2,0,-0.120933,0.303521,0.363777,0.659483,0,0,0,0.00299683
moderate_shove,0.716667,0.0229897,0,0.747336,-0.123776,0,0.105352,0.00413562,0.643154,-0.0255707,0.668439,-0.120933,0,0.303521,0,1,0.238258,0,1.06877,3,0,-0.120933,0.303521,0.361929,0.645875,0,0,0,0.00270902
moderate_shove,0.733333,0.0207677,0,0.748537,-0.133317,0,0.0720858,-0.00148883,0.642848,-0.0334848,0.660149,-0.120933,0,0.303521,0,1,0.238258,0,1.06877,4,0,-0.120933,0.303521,0.359735,0.631901,0,0,0,0.00252596
moderate_shove,0.75,0.0185214,0,0.74953,-0.134777,0,0.0595486,-0.00696138,0.642563,-0.0393079,0.656855,-0.120933,0,0.303521,0,0.916667,0.238258,0,1.06877,4,0.0833333,-0.0910002,0.367292,0.287813,0.617568,0,0,0,0.00245577
moderate_shove,0.766667,0.0163126,0,0.750506,-0.132531,0,0.0585561,-0.0121433,0.642585,-0.0439507,0.656638,-0.120933,0,0.303521,0,0.833333,0.238258,0,1.06877,4,0.166667,-0.0610676,0.431063,0.217106,0.592627,0,0,0,0.00241484
moderate_shove,0.783333,0.0141406,0,0.751466,-0.130322,0,0.0575802,-0.0169656,0.643001,-0.0482429,0.65682,-0.120933,0,0.303521,0,0.75,0.238258,0,1.06877,4,0.25,-0.031135,0.494834,0.148842,0.55845,0,0,0,0.00237459
moderate_shove,0.8,0.0120047,0,0.752409,-0.12815,0,0.0566205,-0.0213668,0.643888,-0.0521228,0.657477,-0.120933,0,0.303521,0,0.666667,0.238258,0,1.06877,4,0.333333,-0.00120241,0.558605,0.0876339,0.52122,0,0,0,0.00233502
moderate_shove,0.816667,0.00990448,0,0.753337,-0.126014,0,0.0556768,-0.0252925,0.645316,-0.0555358,0.658678,-0.120933,0,0.303521,0,0.583333,0.238258,0,1.06877,4,0.416667,0.0287302,0.622377,0.0586913,0.486472,0,0,0,0.0022961
moderate_shove,0.833333,0.00783925,0,0.75425,-0.123914,0,0.0547489,-0.0286955,0.647345,-0.0584349,0.660485,-0.120933,0,0.303521,0,0.5,0.238258,0,1.06877,0,0.5,0.0586628,0.686148,0.0955882,0.45404,0,0,0,0.00225783
moderate_shove,0.85,0.00580844,0,0.755147,-0.121849,0,0.0538364,-0.0315967,0.649923,-0.0608403,0.662844,-0.120933,0,0.303521,0,0.5,0.238258,0,1.06877,0,0.5,0.0586628,0.686148,0.0972572,0.423771,0,0,0,0.0022202
moderate_shove,0.866667,0.00381148,0,0.756029,-0.119818,0,0.0529391,-0.0340186,0.652999,-0.0627749,0.665704,-0.120933,0,0.303521,0,0.5,0.238258,0,1.06877,0,0.5,0.0586628,0.686148,0.0984313,0.395519,0,0,0,0.0021832
moderate_shove,0.883333,0.0018478,0,0.756897,-0.117821,0,0.0520568,-0.0358992,0.656667,-0.0641762,0.669161,-0.120933,0,0.303521,1,0.380952,0.238258,0,1.06877,0,0.619048,0.101424,0.777249,0.18275,0.369152,0,0,0,0.00214681
moderate_shove,0.9,7.30192e-06,0,0.757856,-0.11043,0,0.0575691,-0.0370937,0.661122,-0.0635968,0.674939,-0.120933,0,0.303521,1,0.261905,0.238258,0,1.06877,0,0.738095,0.144184,0.868351,0.275328,0.344541,0,0,0,0.00207558
moderate_shove,0.916667,-0.00143295,0,0.759292,-0.0864149,0,0.0861368,-0.0372787,0.666824,-0.0580183,0.687497,-0.120933,0,0.303521,1,0.142857,0.238258,0,1.06877,0,0.857143,0.186945,0.959452,0.368657,0.321572,0,0,0,0.00203354
moderate_shove,0.933333,-0.00217827,0,0.761682,-0.0447192,0,0.143426,-0.0361042,0.674348,-0.0468368,0.70877,-0.120933,0,0.303521,1,0.0238095,0.238258,0,1.06877,0,0.976191,0.229706,1.05055,0.460637,0.342918,0,0,0,0.00250392
moderate_shove,0.95,-0.00225314,0,0.764979,-0.00449269,0,0.197794,-0.0336538,0.683553,-0.034732,0.731024,-0.120933,0,0.303521,2,0,0.238258,0,1.06877,0,1,0.238258,1.06877,0.47152,0.399901,0,0,0,0.00329741
moderate_shove,0.966667,-0.00168805,0,0.769125,0.0339055,0,0.24879,-0.0300186,0.694291,-0.0218813,0.754,-0.14525,0.0192977,0.331518,2,0,0.238258,0,1.06877,0,1,0.238258,1.06877,0.460663,0.4437,0,0,0,0.00418483
moderate_shove,0.983333,-0.000518958,0,0.774059,0.0701457,0,0.29602,-0.0252966,0.706404,-0.00846167,0.777448,-0.169784,0.0381063,0.359766,2,0,0.238258,0,1.06877,0,1,0.238258,1.06877,0.448078,0.46635,0,0,0,0.00507028
moderate_shove,1,0.00121319,0,0.779711,0.103929,0,0.339143,-0.0195911,0.719731,0.00535181,0.801125,-0.194372,0.0548925,0.388075,2,0,0.238258,0,1.06877,0,1,0.238258,1.06877,0.433956,0.471897,0,0,0,0.00591183
moderate_shove,1.01667,0.00346298,0,0.786009,0.134988,0,0.377879,-0.0130098,0.734107,0.0193873,0.824798,-0.218935,0.0686164,0.416356,2,0,0.238258,0,1.06877,0,1,0.238258,1.06877,0.418495,0.469367,0,0,0,0.00668776
moderate_shove,1.03333,0.00618111,0,0.792876,0.163088,0,0.412004,-0.00566363,0.749365,0.0334774,0.848246,-0.243437,0.0785649,0.444567,2,0,0.238258,0,1.06877,0,1,0.238258,1.06877,0.401896,0.463069,0,0,0,0.00738514
moderate_shove,1.05,0.00931489,0,0.800232,0.188026,0,0.441353,0.002334,0.765337,0.0474604,0.871262,-0.267845,0.0842223,0.472669,2,0,0.238258,0,1.06877,0,1,0.238258,1.06877,0.384362,0.453235,0,0,0,0.0079956
moderate_shove,1.06667,0.0128088,0,0.807996,0.209634,0,0.46582,0.0108686,0.781857,0.0611809,0.893653,-0.292128,0.0853621,0.500627,2,0,0.238258,0,1.06877,0,1,0.238258,1.06877,0.366098,0.440124,0,0,0,0.00851362
moderate_shove,1.08333,0.016605,0,0.816085,0.227774,0,0.485352,0.0198254,0.79876,0.0744911,0.915245,-0.316259,0.0820479,0.528411,2,0,0.238258,0,1.06877,0,1,0.238258,1.06877,0.347305,0.424024,0,0,0,0.00893569
moderate_shove,1.1,0.020644,0,0.824418,0.242337,0,0.499958,0.0290903,0.815888,0.0872512,0.935878,-0.340215,0.0746114,0.555993,2,0,0.238258,0,1.06877,0,1,0.238258,1.06877,0.328181,0.405241,0,0,0,0.00925991
moderate_shove,1.11667,0.0248648,0,0.832913,0.253247,0,0.509699,0.0385507,0.833085,0.0993299,0.955413,-0.363978,0.0636103,0.583352,2,0,0.238258,0,1.06877,0,1,0.238258,1.06877,0.308921,0.384102,0,0,0,0.00948576
moderate_shove,1.13333,0.0292056,0,0.841491,0.260453,0,0.51469,0.0480963,0.850206,0.110605,0.973731,-0.387532,0.0497735,0.610472,2,0,0.238258,0,1.06877,0,1,0.238258,1.06877,0.289713,0.360946,0,0,0,0.00961396
moderate_shove,1.15,0.0336045,0,0.850076,0.263933,0,0.5151,0.0576198,0.867109,0.120964,0.990733,-0.410873,0.0339458,0.637346,2,0,0.238258,0,1.06877,0,1,0.238258,1.06877,0.270738,0.336883,0,0,0,0.00964636
moderate_shove,1.16667,0.0379993,0,0.858595,0.263685,0,0.511149,0.0670177,0.883666,0.130302,1.00634,-0.43402,0.016993,0.663995,2,0,0.238258,0,1.06877,0,1,0.238258,1.06877,0.252168,0.314424,0,0,0,0.00958591
moderate_shove,1.18333,0.0423281,0,0.86698,0.259732,0,0.503107,0.0761906,0.899755,0.138526,1.0205,-0.456601,0,0.689995,3,0,0.238258,0,1.06877,0,1,0.238258,1.06877,0.234165,0.293462,0,0,0,0.00943659
moderate_shove,1.2,0.0465848,0,0.875225,0.255403,0,0.494722,0.0850986,0.915326,0.146395,1.03406,-0.456601,0,0.689995,4,0,0.238258,0,1.06877,0,1,0.238258,1.06877,0.216805,0.273898,0,0,0,0.00927932
moderate_shove,1.21667,0.0507706,0,0.883333,0.251146,0,0.486477,0.0935955,0.930289,0.153871,1.04704,-0.456601,0,0.689995,4,0.0833333,0.238258,0,1.06877,0,0.916667,0.180353,1.03721,0.137691,0.255638,0,0,0,0.00912466
moderate_shove,1.23333,0.0548866,0,0.891306,0.24696,0,0.478369,0.101549,0.944565,0.160819,1.05937,-0.456601,0,0.689995,4,0.166667,0.238258,0,1.06877,0,0.833333,0.122448,1.00564,0.0645564,0.238596,0,0,0,0.00897258
moderate_shove,1.25,0.058934,0,0.899146,0.242844,0,0.470396,0.108838,0.958084,0.16712,1.07098,-0.456601,0,0.689995,4,0.25,0.238258,0,1.06877,0,0.75,0.0645434,0.974079,0.0470939,0.222689,0,0,0,0.00882304
moderate_shove,1.26667,0.062914,0,0.906855,0.238797,0,0.462556,0.115357,0.970789,0.172668,1.0818,-0.456601,0,0.689995,4,0.333333,0.238258,0,1.06877,0,0.666667,0.00663841,0.942514,0.112335,0.207843,0,0,0,0.00867599
moderate_shove,1.28333,0.0668276,0,0.914436,0.234817,0,0.454847,0.121011,0.982627,0.177367,1.09179,-0.456601,0,0.689995,4,0.416667,0.238258,0,1.06877,0,0.583333,-0.0512666,0.91095,0.186594,0.193987,0,0,0,0.00853139
moderate_shove,1.3,0.070676,0,0.921891,0.230903,0,0.447266,0.125721,0.99356,0.181138,1.1009,-0.456601,0,0.689995,0,0.5,0.238258,0,1.06877,0,0.5,-0.109172,0.879385,0.261171,0.181055,0,0,0,0.0083892
moderate_shove,1.31667,0.0744602,0,0.929221,0.227055,0,0.439812,0.129533,1.00361,0.184027,1.10916,-0.456601,0,0.689995,0,0.5,0.238258,0,1.06877,0,0.5,-0.109172,0.879385,0.269093,0.16933,0,0,0,0.00824938
moderate_shove,1.33333,0.0781814,0,0.936429,0.223271,0,0.432481,0.132501,1.01279,0.186086,1.11659,-0.456601,0,0.689995,0,0.5,0.238258,0,1.06877,0,0.5,-0.109172,0.879385,0.276048,0.159577,0,0,0,0.00811189
moderate_shove,1.35,0.0818405,0,0.943517,0.219549,0,0.425273,0.134677,1.02114,0.187369,1.1232,-0.456601,0,0.689995,0,0.5,0.238258,0,1.06877,0,0.5,-0.109172,0.879385,0.282057,0.151491,0,0,0,0.00797669
moderate_shove,1.36667,0.0854387,0,0.950486,0.21589,0,0.418186,0.135949,1.02861,0.187763,1.12897,-0.456601,0,0.689995,0,0.619048,0.238258,0,1.06877,1,0.380952,-0.191893,0.834292,0.381103,0.144795,0,0,0,0.00784375
moderate_shove,1.38333,0.0880039,0,0.956773,0.153912,0,0.377173,0.135403,1.0346,0.172342,1.12512,-0.456601,0,0.689995,0,0.738095,0.238258,0,1.06877,1,0.261905,-0.274614,0.789199,0.477844,0.174663,0,0,0,0.00678946
moderate_shove,1.4,0.0891395,0,0.962136,0.0681336,0,0.321828,0.132712,1.03884,0.149064,1.11608,-0.456601,0,0.689995,0,0.857143,0.238258,0,1.06877,1,0.142857,-0.357336,0.744106,0.571853,0.240415,0,0,0,0.00548269
moderate_shove,1.41667,0.0883852,0,0.966303,-0.0452561,0,0.250015,0.127488,1.04102,0.116627,1.10102,-0.456601,0,0.689995,0,0.976191,0.238258,0,1.06877,1,0.0238095,-0.440057,0.699014,0.662627,0.404992,0,0,0,0.00423464
moderate_shove,1.43333,0.0857945,0,0.96929,-0.155444,0,0.179175,0.119852,1.04121,0.0825457,1.08421,-0.456601,0,0.689995,0,1,0.238258,0,1.06877,2,0,-0.456601,0.689995,0.675018,0.53391,0,0,0,0.00395343
moderate_shove,1.45,0.0814321,0,0.97112,-0.261741,0,0.109847,0.109937,1.0395,0.0471189,1.06586,-0.456601,0,0.689995,0,1,0.252988,0.0224569,1.07218,2,0,-0.456601,0.689995,0.66567,0.634896,0,0,0,0.00473095
moderate_shove,1.46667,0.0753736,0,0.971829,-0.363509,0,0.042544,0.097882,1.03598,0.0106398,1.04619,-0.456601,0,0.689995,0,1,0.268226,0.0455806,1.0757,2,0,-0.456601,0.689995,0.653574,0.714002,0,0,0,0.00609984
moderate_shove,1.48333,0.0677042,0,0.971458,-0.460167,0,-0.0222579,0.0838367,1.03078,-0.0266033,1.02543,-0.456601,0,0.689995,0,1,0.28386,0.0669422,1.07931,2,0,-0.456601,0.689995,0.638909,0.77171,0,0,0,0.00767841
moderate_shove,1.5,0.0585177,0,0.970057,-0.551188,0,-0.0841176,0.0679556,1.02399,-0.0643295,1.0038,-0.456601,0,0.689995,0,1,0.29968,0.0837397,1.08297,2,0,-0.456601,0.689995,0.621864,0.797956,0,0,0,0.00929283
moderate_shove,1.51667,0.047916,0,0.967679,-0.636104,0,-0.142633,0.050399,1.01576,-0.102266,0.98153,-0.456601,0,0.689995,0,1,0.315505,0.094121,1.08662,2,0,-0.456601,0.689995,0.602639,0.798741,0,0,0,0.010865
moderate_shove,1.53333,0.0360075,0,0.964389,-0.714505,0,-0.197443,0.0313316,1.00621,-0.14015,0.958827,-0.456601,0,0.689995,0,1,0.331287,0.0977286,1.09027,2,0,-0.456601,0.689995,0.58144,0.792657,0,0,0,0.0123547
moderate_shove,1.55,0.0229069,0,0.960251,-0.786038,0,-0.248229,0.0109208,0.995486,-0.177728,0.935911,-0.456601,0,0.689995,0,1,0.346983,0.0944152,1.0939,2,0,-0.456601,0.689995,0.558482,0.78058,0,0,0,0.0137384
moderate_shove,1.56667,0.00873342,0,0.95534,-0.850409,0,-0.294714,-0.0106633,0.983722,-0.214762,0.912991,-0.456601,0,0.689995,0,1,0.362555,0.0846288,1.0975,2,0,-0.456601,0.689995,0.533982,0.762849,0,0,0,0.0150005
moderate_shove,1.58333,-0.00638963,0,0.949728,-0.907383,0,-0.336665,-0.0332502,0.971066,-0.251022,0.890266,-0.456601,0,0.689995,0,1,0.377968,0.0693482,1.10106,2,0,-0.456601,0.689995,0.50816,0.739838,0,0,0,0.0161304
moderate_shove,1.6,-0.022336,0,0.943497,-0.956783,0,-0.373892,-0.056669,0.957663,-0.286297,0.867929,-0.456601,0,0.689995,0,1,0.393193,0.0499454,1.10458,2,0,-0.456601,0.689995,0.48124,0.711962,0,0,0,0.0171207
moderate_shove,1.61667,-0.0389775,0,0.936726,-0.998488,0,-0.406245,-0.0807501,0.94366,-0.320387,0.846161,-0.456601,0,0.689995,0,1,0.408207,0.0280196,1.10805,2,0,-0.456601,0.689995,0.453443,0.679663,0,0,0,0.0179661
moderate_shove,1.63333,-0.0561847,0,0.929499,-1.03244,0,-0.433618,-0.105326,0.929203,-0.35311,0.825135,-0.456601,0,0.689995,0,1,0.422989,0.0052259,1.11146,2,0,-0.456601,0.689995,0.424988,0.643413,0,0,0,0.0186633
moderate_shove,1.65,-0.0738284,0,0.9219,-1.05862,0,-0.455939,-0.130232,0.914435,-0.3843,0.80501,-0.456601,0,0.689995,0,1,0.426373,0,1.11224,3,0,-0.456601,0.689995,0.396094,0.603712,0,0,0,0.0192105
moderate_shove,1.66667,-0.0917799,0,0.914014,-1.07709,0,-0.473174,-0.155293,0.899499,-0.413794,0.785937,-0.456601,0,0.689995,0,1,0.426373,0,1.11224,4,0,-0.456601,0.689995,0.366986,0.563464,0,0,0,0.0196074
moderate_shove,1.68333,-0.109578,0,0.906147,-1.0679,0,-0.471996,-0.17982,0.88481,-0.436116,0.771531,-0.456601,0,0.689995,0,0.916667,0.426373,0,1.11224,4,0.0833333,-0.38302,0.725182,0.258401,0.5259,0,0,0,0.0194593
moderate_shove,1.7,-0.12708,0,0.898412,-1.0501,0,-0.464129,-0.203462,0.870583,-0.455486,0.759192,-0.456601,0,0.689995,0,0.833333,0.426373,0,1.11224,4,0.166667,-0.309439,0.76037,0.152899,0.49084,0,0,0,0.019135
moderate_shove,1.71667,-0.14429,0,0.890805,-1.0326,0,-0.456394,-0.226035,0.856912,-0.473859,0.747377,-0.456601,0,0.689995,0,0.75,0.426373,0,1.11224,4,0.25,-0.235858,0.795557,0.062136,0.458117,0,0,0,0.0188161
moderate_shove,1.73333,-0.161213,0,0.883326,-1.01539,0,-0.448787,-0.247376,0.843877,-0.49107,0.736168,-0.456601,0,0.689995,0,0.666667,0.426373,0,1.11224,4,0.333333,-0.162277,0.830745,0.0861072,0.427576,0,0,0,0.0185025
moderate_shove,1.75,-0.177854,0,0.87597,-0.998467,0,-0.441307,-0.267342,0.831551,-0.506974,0.725637,-0.456601,0,0.689995,0,0.583333,0.426373,0,1.11224,4,0.416667,-0.0886953,0.865932,0.181925,0.399071,0,0,0,0.0181941
moderate_shove,1.76667,-0.194218,0,0.868738,-0.981826,0,-0.433952,-0.285806,0.819996,-0.521444,0.715848,-0.456601,0,0.689995,0,0.5,0.426373,0,1.11224,0,0.5,-0.0151142,0.901119,0.282587,0.381568,0,0,0,0.0178908
moderate_shove,1.78333,-0.210309,0,0.861626,-0.965462,0,-0.42672,-0.302812,0.809209,-0.534523,0.706796,-0.456601,0,0.689995,0,0.5,0.426373,0,1.11224,0,0.5,-0.0151142,0.901119,0.302023,0.380828,0,0,0,0.0175927
moderate_shove,1.8,-0.226132,0,0.854632,-0.949371,0,-0.419608,-0.318409,0.799178,-0.546258,0.698472,-0.456601,0,0.689995,0,0.5,0.426373,0,1.11224,0,0.5,-0.0151142,0.901119,0.319968,0.386721,0,0,0,0.0172995
moderate_shove,1.81667,-0.241691,0,0.847756,-0.933548,0,-0.412614,-0.332589,0.789975,-0.556641,0.690947,-0.456601,0,0.689995,1,0.380952,0.426373,0,1.11224,0,0.619048,0.0900018,0.951387,0.452368,0.398712,0,0,0,0.0170111
moderate_shove,1.83333,-0.255512,0,0.841586,-0.829286,0,-0.370155,-0.343966,0.78225,-0.542995,0.693413,-0.456601,0,0.689995,1,0.261905,0.426373,0,1.11224,0,0.738095,0.195118,1.00165,0.582022,0.474647,0,0,0,0.0151358
moderate_shove,1.85,-0.267244,0,0.836298,-0.703896,0,-0.317317,-0.352275,0.776232,-0.52121,0.700076,-0.456601,0,0.689995,1,0.142857,0.426373,0,1.11224,0,0.857143,0.300234,1.05192,0.70836,0.588473,0,0,0,0.0128686
moderate_shove,1.86667,-0.276635,0,0.832022,-0.563481,0,-0.256514,-0.357351,0.772114,-0.492587,0.71055,-0.456601,0,0.689995,1,0.0238095,0.426373,0,1.11224,0,0.976191,0.40535,1.10219,0.831062,0.677637,0,0,0,0.0103187
moderate_shove,1.88333,-0.283607,0,0.8288,-0.418305,0,-0.193322,-0.3592,0.769887,-0.459593,0.72349,-0.456601,0,0.689995,2,0,0.426373,0,1.11224,0,1,0.426373,1.11224,0.856932,0.747483,0,0,0,0.00768028
moderate_shove,1.9,-0.288161,0,0.826635,-0.27322,0,-0.129918,-0.357906,0.769503,-0.423479,0.738323,-0.47517,0.0256596,0.693896,2,0,0.426373,0,1.11224,0,1,0.426373,1.11224,0.8559,0.802195,0,0,0,0.00504227
moderate_shove,1.91667,-0.290297,0,0.825529,-0.128199,0,-0.0663716,-0.353551,0.770908,-0.384319,0.754979,-0.494109,0.050741,0.697875,2,0,0.426373,0,1.11224,0,1,0.426373,1.11224,0.851347,0.845053,0,0,0,0.00240602
moderate_shove,1.93333,-0.290018,0,0.825483,0.0167896,0,-0.00274862,-0.346215,0.774044,-0.342186,0.773384,-0.513347,0.0728986,0.701916,2,0,0.426373,0,1.11224,0,1,0.426373,1.11224,0.843369,0.878625,0,0,0,0.000283551
moderate_shove,1.95,-0.287325,0,0.826496,0.161555,0,0.0607906,-0.335979,0.778848,-0.297205,0.793438,-0.532827,0.0899856,0.706009,2,0,0.426373,0,1.11224,0,1,0.426373,1.11224,0.832065,0.904923,0,0,0,0.00287689
moderate_shove,1.96667,-0.28226,0,0.82855,0.30393,0,0.123219,-0.322956,0.78524,-0.250013,0.814813,-0.5525,0.100275,0.710141,2,0,0.426373,0,1.11224,0,1,0.426373,1.11224,0.817573,0.925523,0,0,0,0.00546596
moderate_shove,1.98333,-0.27486,0,0.831625,0.443981,0,0.184494,-0.307257,0.793136,-0.200701,0.837414,-0.572327,0.102638,0.714307,2,0,0.426373,0,1.11224,0,1,0.426373,1.11224,0.800027,0.941659,0,0,0,0.00801314
moderate_shove,2,-0.265164,0,0.835701,0.581774,0,0.244574,-0.288988,0.80245,-0.149363,0.861148,-0.592277,0.0966517,0.718498,2,0,0.426373,0,1.11224,0,1,0.426373,1.11224,0.77956,0.9543,0,0,0,0.0105182
moderate_shove,2.01667,-0.253207,0,0.840758,0.717372,0,0.303419,-0.268252,0.813097,-0.0960831,0.885918,-0.612324,0.0826499,0.722709,2,0,0.426373,0,1.11224,0,1,0.426373,1.11224,0.756302,0.964202,0,0,0,0.0129817
moderate_shove,2.03333,-0.239125,0,0.846732,0.84492,0,0.35844,-0.245245,0.824949,-0.0424647,0.910975,-0.632423,0.0616678,0.726932,2,0,0.426373,0,1.11224,0,1,0.426373,1.11224,0.730486,0.969473,0,0,0,0.0152968
moderate_shove,2.05,-0.223069,0,0.853551,0.963367,0,0.409158,-0.220178,0.837869,0.0110301,0.936066,-0.652448,0.0355238,0.731139,2,0,0.426373,0,1.11224,0,1,0.426373,1.11224,0.70236,0.962004,0,0,0,0.0174442
moderate_shove,2.06667,-0.205199,0,0.861141,1.07224,0,0.455352,-0.193265,0.851717,0.0640714,0.961002,-0.672319,0.00685063,0.735313,2,0,0.426373,0,1.11224,0,1,0.426373,1.11224,0.67218,0.946163,0,0,0,0.0194153
moderate_shove,2.08333,-0.18568,0,0.869421,1.17112,0,0.496852,-0.130729,0.882163,0.15034,1.00141,-0.676983,0,0.736293,3,0,0.426373,0,1.11224,0,1,0.426373,1.11224,0.602744,0.922462,1,0,0,0.0212026
moderate_shove,2.1,-0.167481,0,0.877142,1.09194,0,0.463262,-0.0715479,0.912312,0.190519,1.02349,-0.663972,0.00464372,0.739742,3,0,0.40889,0.00464372,1.10177,0,0,-0.167481,0.877142,0.102176,0.922462,1,0,0,0.0197692
moderate_shove,2.11667,-0.150512,0,0.884342,1.01812,0,0.431943,-0.0156282,0.942133,0.228721,1.0458,-0.65096,0.00922464,0.743191,3,0,0.391406,0.00922464,1.09129,0,0,-0.150512,0.884342,0.146743,0.922462,1,0,0,0.0184327
moderate_shove,2.13333,-0.134691,0,0.891054,0.949291,0,0.402741,0.0371352,0.971595,0.264965,1.06825,-0.637949,0.0136808,0.746641,3,0,0.373923,0.0136808,1.08082,0,0,-0.134691,0.891054,0.189766,0.922462,1,0,0,0.0171865
moderate_shove,2.15,-0.119939,0,0.897312,0.885113,0,0.375513,0.0868569,1.00067,0.299284,1.09079,-0.624938,0.017952,0.75009,3,0,0.356439,0.017952,1.07034,0,0,-0.119939,0.897312,0.231185,0.922462,1,0,0,0.0160246
moderate_shove,2.16667,-0.106184,0,0.903148,0.825274,0,0.350126,0.133658,1.02932,0.331724,1.11335,-0.611927,0.0219804,0.753539,3,0,0.338956,0.0219804,1.05987,0,0,-0.106184,0.903148,0.271005,0.922462,1,0,0,0.0149412
moderate_shove,2.18333,-0.0933596,0,0.908589,0.76948,0,0.326455,0.177663,1.05753,0.362338,1.13588,-0.598915,0.0257115,0.756988,3,0,0.321472,0.0257115,1.04939,0,0,-0.0933596,0.908589,0.309251,0.922462,1,0,0,0.0139311
moderate_shove,2.2,-0.081402,0,0.913662,0.717459,0,0.304385,0.219,1.08526,0.39119,1.15831,-0.585904,0.0290949,0.760437,3,0,0.303989,0.0290949,1.03892,0,0,-0.081402,0.913662,0.345958,0.922462,1,0,0,0.0129893
moderate_shove,2.21667,-0.0702527,0,0.918392,0.668954,0,0.283807,0.257796,1.11249,0.418345,1.18061,-0.572893,0.0320849,0.763887,3,0,0.286505,0.0320849,1.02844,0,0,-0.0702527,0.918392,0.381171,0.922462,1,0,0,0.0121111
moderate_shove,2.23333,-0.0598572,0,0.922802,0.623729,0,0.26462,0.294179,1.1392,0.443874,1.20271,-0.559882,0.034641,0.767336,3,0,0.269022,0.034641,1.01797,0,0,-0.0598572,0.922802,0.414936,0.922462,1,0,0,0.0112923
moderate_shove,2.25,-0.0501646,0,0.926915,0.581561,0,0.24673,0.328275,1.16537,0.46785,1.22459,-0.546871,0.0367286,0.770785,3,0,0.251539,0.0367286,1.00749,0,0,-0.0501646,0.926915,0.447301,0.922462,1,0,0,0.0105289
moderate_shove,2.26667,-0.0411272,0,0.930749,0.542244,0,0.230049,0.360206,1.19097,0.490345,1.24618,-0.533859,0.0383196,0.774234,3,0,0.234055,0.0383196,0.99702,0,0,-0.0411272,0.930749,0.478315,0.922462,1,0,0,0.00981709
moderate_shove,2.28333,-0.0327008,0,0.934324,0.505585,0,0.214497,0.390092,1.21599,0.511432,1.26747,-0.520848,0.0393923,0.777683,3,0,0.216572,0.0393923,0.986545,0,0,-0.0327008,0.934324,0.508028,0.922462,1,0,0,0.00915339
moderate_shove,2.3,-0.024844,0,0.937657,0.471404,0,0.199995,0.418049,1.24042,0.531186,1.28842,-0.507837,0.0399323,0.781133,3,0,0.199088,0.0399323,0.97607,0,0,-0.024844,0.937657,0.536488,0.922462,1,0,0,0.00853457
moderate_shove,2.31667,-0.0175184,0,0.940765,0.439534,0,0.186474,0.444187,1.26424,0.549675,1.30899,-0.494826,0.0399323,0.784582,3,0,0.181605,0.0399323,0.965595,0,0,-0.0175184,0.940765,0.563743,0.922462,1,0,0,0.00795758
moderate_shove,2.33333,-0.0106881,0,0.943663,0.409819,0,0.173867,0.468614,1.28743,0.56697,1.32916,-0.481815,0.0393923,0.788031,3,0,0.164121,0.0393923,0.95512,0,0,-0.0106881,0.943663,0.589838,0.922462,1,0,0,0.0074196
moderate_shove,2.35,-0.00431959,0,0.946364,0.382113,0,0.162113,0.491432,1.31,0.583139,1.34891,-0.468803,0.0383196,0.79148,3,0,0.146638,0.0383196,0.944645,0,0,-0.00431959,0.946364,0.614819,0.922462,1,0,0,0.00691799
moderate_shove,2.36667,0.00161841,0,0.948884,0.35628,0,0.151153,0.512738,1.33194,0.598245,1.36821,-0.455792,0.0367286,0.794929,3,0,0.129154,0.0367286,0.93417,0,0,0.00161841,0.948884,0.638728,0.922462,1,0,0,0.00645029
moderate_shove,2.38333,0.00715496,0,0.951233,0.332193,0,0.140934,0.532625,1.35323,0.612351,1.38706,-0.442781,0.034641,0.798379,3,0,0.111671,0.034641,0.923696,0,0,0.00715496,0.951233,0.661605,0.922462,1,0,0,0.00601421
moderate_shove,2.4,0.0123172,0,0.953423,0.309735,0,0.131406,0.551181,1.37388,0.625517,1.40542,-0.42977,0.0320849,0.801828,3,0,0.0941875,0.0320849,0.913221,0,0,0.0123172,0.953423,0.683492,0.922462,1,0,0,0.00560761
moderate_shove,2.41667,0.0171304,0,0.955465,0.288795,0,0.122522,0.568488,1.39389,0.637799,1.4233,-0.416758,0.0290949,0.805277,3,0,0.076704,0.0290949,0.902746,0,0,0.0171304,0.955465,0.704426,0.922462,1,0,0,0.0052285
moderate_shove,2.43333,0.0216183,0,0.957369,0.26927,0,0.114239,0.584625,1.41326,0.64925,1.44068,-0.403747,0.0257115,0.808726,3,0,0.0592206,0.0257115,0.892271,0,0,0.0216183,0.957369,0.724443,0.922462,1,0,0,0.00487502
moderate_shove,2.45,0.0258027,0,0.959144,0.251066,0,0.106516,0.599666,1.432,0.659922,1.45756,-0.390736,0.0219803,0.812175,3,0,0.0417371,0.0219803,0.881796,0,0,0.0258027,0.959144,0.743578,0.922462,1,0,0,0.00454544
moderate_shove,2.46667,0.0297043,0,0.960799,0.234092,0,0.0993147,0.613681,1.45009,0.669863,1.47393,-0.377725,0.0179519,0.815625,3,0,0.0242536,0.0179519,0.871321,0,0,0.0297043,0.960799,0.761865,0.922462,1,0,0,0.00423814
moderate_shove,2.48333,0.033342,0,0.962343,0.218266,0,0.0926004,0.626734,1.46757,0.679118,1.48979,-0.364714,0.0136808,0.819074,3,0,0.00677016,0.0136808,0.860846,0,0,0.033342,0.962343,0.779336,0.922462,1,0,0,0.00395162
moderate_shove,2.5,0.0367339,0,0.963782,0.20351,0,0.0863401,0.638888,1.48442,0.68773,1.50514,-0.351702,0.00922459,0.822523,3,0,-0.0107133,0.00922459,0.850371,0,0,0.0367339,0.963782,0.796021,0.922462,1,0,0,0.00368446
moderate_shove,2.51667,0.0398964,0,0.965123,0.189752,0,0.0805029,0.650199,1.50066,0.69574,1.51998,-0.338691,0.00464366,0.825972,3,0,-0.0281968,0.00464366,0.839896,0,0,0.0398964,0.965123,0.811952,0.922462,1,0,0,0.00343537
moderate_shove,2.53333,0.0428451,0,0.966374,0.176923,0,0.0750604,0.660723,1.5163,0.703184,1.53431,-0.32568,0,0.829421,3,0,-0.04568,0,0.829421,0,0,0.0428451,0.966374,0.827155,0.922462,1,0,0,0.00320312
moderate_shove,2.55,0.0455945,0,0.967541,0.164962,0,0.0699859,0.670508,1.53134,0.710099,1.54814,-0.32568,0,0.829421,3,0.0219298,-0.04568,0,0.829421,0,0.0219298,-0.18568,0.829421,1.10714,0.922462,1,0,0,0.00298657
moderate_shove,2.56667,0.048158,0,0.968628,0.15381,0,0.0652544,0.679604,1.54581,0.716519,1.56147,-0.32568,0,0.829421,3,0.0438597,-0.04568,0,0.829421,0,0.0438597,-0.18568,0.829421,1.12336,0.922462,1,0,0,0.00278466
moderate_shove,2.58333,0.0505482,0,0.969642,0.143411,0,0.0608428,0.688054,1.55971,0.722473,1.57432,-0.32568,0,0.829421,3,0.0657895,-0.04568,0,0.829421,0,0.0657895,-0.18568,0.829421,1.13874,0.922462,1,0,0,0.0025964
moderate_shove,2.6,0.0527768,0,0.970588,0.133716,0,0.0567295,0.6959,1.57306,0.727992,1.58668,-0.32568,0,0.829421,3,0.0877193,-0.04568,0,0.829421,0,0.0877193,-0.18568,0.829421,1.15334,0.922462,1,0,0,0.00242087
moderate_shove,2.61667,0.0548547,0,0.971469,0.124676,0,0.0528942,0.703181,1.58587,0.733103,1.59857,-0.32568,0,0.829421,3,0.109649,-0.04568,0,0.829421,0,0.109649,-0.18568,0.829421,1.16717,0.922462,1,0,0,0.0022572
moderate_shove,2.63333,0.0567921,0,0.972291,0.116247,0,0.0493182,0.709932,1.59816,0.737831,1.60999,-0.32568,0,0.829421,3,0.131579,-0.04568,0,0.829421,0,0.131579,-0.18568,0.829421,1.18029,0.922462,1,0,0,0.0021046
moderate_shove,2.65,0.0585986,0,0.973058,0.108388,0,0.045984,0.716188,1.60993,0.742201,1.62097,-0.32568,0,0.829421,3,0.153509,-0.04568,0,0.829421,0,0.153509,-0.18568,0.829421,1.19271,0.922462,1,0,0,0.00196232
moderate_shove,2.66667,0.0602829,0,0.973772,0.10106,0,0.0428752,0.72198,1.62121,0.746235,1.6315,-0.32568,0,0.829421,3,0.175439,-0.04568,0,0.829421,0,0.175439,-0.18568,0.829421,1.20448,0.922462,1,0,0,0.00182965
moderate_shove,2.68333,0.0618534,0,0.974438,0.0942279,0,0.0399766,0.727339,1.632,0.749953,1.64159,-0.32568,0,0.829421,3,0.197368,-0.04568,0,0.829421,0,0.197368,-0.18568,0.829421,1.21562,0.922462,1,0,0,0.00170596
moderate_shove,2.7,0.0633177,0,0.97506,0.0878575,0,0.0372739,0.732291,1.64233,0.753377,1.65127,-0.32568,0,0.829421,3,0.219298,-0.04568,0,0.829421,0,0.219298,-0.18568,0.829421,1.22617,0.922462,1,0,0,0.00159062
moderate_shove,2.71667,0.064683,0,0.975639,0.0819178,0,0.034754,0.736862,1.65221,0.756523,1.66055,-0.32568,0,0.829421,3,0.241228,-0.04568,0,0.829421,0,0.241228,-0.18568,0.829421,1.23615,0.922462,1,0,0,0.00148309
moderate_shove,2.73333,0.065956,0,0.976179,0.0763796,0,0.0324044,0.741078,1.66165,0.759409,1.66943,-0.32568,0,0.829421,3,0.263158,-0.04568,0,0.829421,0,0.263158,-0.18568,0.829421,1.24559,0.922462,1,0,0,0.00138282
moderate_shove,2.75,0.0671429,0,0.976683,0.0712159,0,0.0302137,0.74496,1.67067,0.762052,1.67792,-0.32568,0,0.829421,3,0.285088,-0.04568,0,0.829421,0,0.285088,-0.18568,0.829421,1.25451,0.922462,1,0,0,0.00128933
moderate_shove,2.76667,0.0682496,0,0.977152,0.0664013,0,0.028171,0.74853,1.67929,0.764466,1.68605,-0.32568,0,0.829421,3,0.307018,-0.04568,0,0.829421,0,0.307018,-0.18568,0.829421,1.26294,0.922462,1,0,0,0.00120217
moderate_shove,2.78333,0.0692815,0,0.97759,0.0619121,0,0.0262665,0.751807,1.68751,0.766666,1.69382,-0.32568,0,0.829421,3,0.328947,-0.04568,0,0.829421,0,0.328947,-0.18568,0.829421,1.27091,0.922462,1,0,0,0.00112089
moderate_shove,2.8,0.0702436,0,0.977998,0.0577265,0,0.0244907,0.75481,1.69536,0.768664,1.70124,-0.32568,0,0.829421,3,0.350877,-0.04568,0,0.829421,0,0.350877,-0.18568,0.829421,1.27843,0.922462,1,0,0,0.00104511
moderate_shove,2.81667,0.0711406,0,0.978379,0.0538238,0,0.022835,0.757556,1.70285,0.770474,1.70833,-0.32568,0,0.829421,3,0.372807,-0.04568,0,0.829421,0,0.372807,-0.18568,0.829421,1.28552,0.922462,1,0,0,0.000974458
moderate_shove,2.83333,0.0719771,0,0.978733,0.050185,0,0.0212912,0.760062,1.70999,0.772107,1.7151,-0.32568,0,0.829421,3,0.394737,-0.04568,0,0.829421,0,0.394737,-0.18568,0.829421,1.29222,0.922462,1,0,0,0.000908578
moderate_shove,2.85,0.0727569,0,0.979064,0.0467922,0,0.0198518,0.762343,1.7168,0.773573,1.72156,-0.32568,0,0.829421,3,0.416667,-0.04568,0,0.829421,0,0.416667,-0.18568,0.829421,1.29853,0.922462,1,0,0,0.000847153
moderate_shove,2.86667,0.0734841,0,0.979373,0.0436288,0,0.0185097,0.764414,1.72329,0.774885,1.72773,-0.32568,0,0.829421,3,0.438597,-0.04568,0,0.829421,0,0.438597,-0.18568,0.829421,1.30448,0.922462,1,0,0,0.00078988
moderate_shove,2.88333,0.0741621,0,0.979661,0.0406792,0,0.0172583,0.766286,1.72947,0.776049,1.73361,-0.32568,0,0.829421,3,0.460526,-0.04568,0,0.829421,0,0.460526,-0.18568,0.829421,1.31009,0.922462,1,0,0,0.000736479
moderate_shove,2.9,0.0747942,0,0.979929,0.037929,0,0.0160916,0.767975,1.73536,0.777077,1.73922,-0.32568,0,0.829421,3,0.482456,-0.04568,0,0.829421,0,0.482456,-0.18568,0.829421,1.31536,0.922462,1,0,0,0.000686689
moderate_shove,2.91667,0.0753836,0,0.980179,0.0353648,0,0.0150037,0.76949,1.74096,0.777977,1.74457,-0.32568,0,0.829421,3,0.5,-0.04568,0,0.829421,0,0.5,-0.18568,0.829421,1.32033,0.922462,1,0,0,0.000640264
moderate_shove,2.93333,0.0759332,0,0.980412,0.0329739,0,0.0139893,0.770843,1.7463,0.778757,1.74966,-0.32568,0,0.829421,3,0.5,-0.04568,0,0.829421,0,0.5,-0.18568,0.829421,1.32499,0.922462,1,0,0,0.000596978
moderate_shove,2.95,0.0764456,0,0.980629,0.0307447,0,0.0130436,0.772045,1.75138,0.779423,1.75451,-0.32568,0,0.829421,3,0.5,-0.04568,0,0.829421,0,0.5,-0.18568,0.829421,1.32938,0.922462,1,0,0,0.000556619
moderate_shove,2.96667,0.0769234,0,0.980832,0.0286661,0,0.0121617,0.773105,1.75622,0.779985,1.75914,-0.32568,0,0.829421,3,0.5,-0.04568,0,0.829421,0,0.5,-0.18568,0.829421,1.3335,0.922462,1,0,0,0.000518988
moderate_shove,2.98333,0.0773688,0,0.981021,0.0267281,0,0.0113395,0.774032,1.76082,0.780447,1.76354,-0.32568,0,0.829421,3,0.5,-0.04568,0,0.829421,0,0.5,-0.18568,0.829421,1.33737,0.922462,1,0,0,0.000483901
moderate_shove,3,0.0777842,0,0.981197,0.0249211,0,0.0105729,0.774836,1.7652,0.780818,1.76774,-0.32568,0,0.829421,3,0.5,-0.04568,0,0.829421,0,0.5,-0.18568,0.829421,1.341,0.922462,1,0,0,0.000451187
moderate_shove,3.01667,0.0781715,0,0.981362,0.0232363,0,0.00985811,0.775525,1.76936,0.781102,1.77173,-0.32568,0,0.829421,3,0.5,-0.04568,0,0.829421,0,0.5,-0.18568,0.829421,1.3444,0.922462,1,0,0,0.000420684
moderate_shove,3.03333,0.0785326,0,0.981515,0.0216654,0,0.00919164,0.776105,1.77332,0.781305,1.77553,-0.32568,0,0.829421,3,0.5,-0.04568,0,0.829421,0,0.5,-0.18568,0.829421,1.34758,0.922462,1,0,0,0.000392243
moderate_shove,3.05,0.0788692,0,0.981658,0.0202007,0,0.00857023,0.776585,1.77709,0.781433,1.77915,-0.32568,0,0.829421,3,0.5,-0.04568,0,0.829421,0,0.5,-0.18568,0.829421,1.35057,0.922462,1,0,0,0.000365725
moderate_shove,3.06667,0.0791832,0,0.981791,0.018835,0,0.00799083,0.776971,1.78067,0.781492,1.78259,-0.32568,0,0.829421,3,0.5,-0.04568,0,0.829421,0,0.5,-0.18568,0.829421,1.35335,0.922462,1,0,0,0.000341
moderate_shove,3.08333,0.0794758,0,0.981915,0.0175616,0,0.0074506,0.77727,1.78407,0.781484,1.78586,-0.32568,0,0.829421,3,0.5,-0.04568,0,0.829421,0,0.5,-0.18568,0.829421,1.35596,0.922462,1,0,0,0.000317946
moderate_shove,3.1,0.0797488,0,0.982031,0.0163744,0,0.0069469,0.777487,1.78731,0.781417,1.78898,-0.32568,0,0.829421,3,0.5,-0.04568,0,0.829421,0,0.5,-0.18568,0.829421,1.3584,0.922462,1,0,0,0.000296451
moderate_shove,3.11667,0.0800032,0,0.982139,0.0152674,0,0.00647724,0.777629,1.79038,0.781293,1.79194,-0.32568,0,0.829421,3,0.5,-0.04568,0,0.829421,0,0.5,-0.18568,0.829421,1.36067,0.922462,1,0,0,0.000276409
moderate_shove,3.13333,0.0802405,0,0.982239,0.0142352,0,0.00603934,0.7777,1.79331,0.781116,1.79476,-0.32568,0,0.829421,3,0.5,-0.04568,0,0.829421,0,0.5,-0.18568,0.829421,1.36278,0.922462,1,0,0,0.000257722
moderate_shove,3.15,0.0804617,0,0.982333,0.0132728,0,0.00563104,0.777706,1.79609,0.780892,1.79744,-0.32568,0,0.829421,3,0.5,-0.04568,0,0.829421,0,0.5,-0.18568,0.829421,1.36475,0.922462,1,0,0,0.000240298
moderate_shove,3.16667,0.0806679,0,0.982421,0.0123755,0,0.00525035,0.777652,1.79873,0.780622,1.79999,-0.32568,0,0.829421,3,0.5,-0.04568,0,0.829421,0,0.5,-0.18568,0.829421,1.36659,0.922462,1,0,0,0.000224053
moderate_shove,3.18333,0.0808602,0,0.982502,0.0115388,0,0.0048954,0.776666,1.80037,0.779435,1.80155,-0.32568,0,0.829421,3,0.5,-0.04568,0,0.829421,0,0.5,-0.18568,0.829421,1.36706,0.922462,1,0,0,0.000208905
moderate_shove,3.2,0.0810396,0,0.982578,0.0107587,0,0.00456444,0.774809,1.80111,0.777391,1.80221,-0.32568,0,0.829421,3,0.5,-0.04568,0,0.829421,0,0.5,-0.18568,0.829421,1.36628,0.922462,1,0,0,0.000194782
moderate_shove,3.21667,0.0812068,0,0.982649,0.0100314,0,0.00425585,0.772133,1.80102,0.774541,1.80204,-0.32568,0,0.829421,3,0.5,-0.04568,0,0.829421,0,0.5,-0.18568,0.829421,1.36434,0.922462,1,0,0,0.000181614
moderate_shove,3.23333,0.0813626,0,0.982715,0.00935319,0,0.00396813,0.768688,1.80016,0.770933,1.80111,-0.32568,0,0.829421,3,0.5,-0.04568,0,0.829421,0,0.5,-0.18568,0.829421,1.3613,0.922462,1,0,0,0.000169335
moderate_shove,3.25,0.081508,0,0.982777,0.00872085,0,0.00369986,0.764515,1.79856,0.766608,1.79945,-0.32568,0,0.829421,3,0.5,-0.04568,0,0.829421,0,0.5,-0.18568,0.829421,1.35724,0.922462,1,0,0,0.000157887
moderate_shove,3.26667,0.0816435,0,0.982835,0.00813127,0,0.00344973,0.759653,1.79626,0.761604,1.79709,-0.32568,0,0.829421,3,0.5,-0.04568,0,0.829421,0,0.5,-0.18568,0.829421,1.35219,0.922462,1,0,0,0.000147213
moderate_shove,3.28333,0.0817699,0,0.982888,0.00758155,0,0.0032165,0.754138,1.79329,0.755957,1.79406,-0.32568,0,0.829421,3,0.5,-0.04568,0,0.829421,0,0.5,-0.18568,0.829421,1.34622,0.922462,1,0,0,0.000137261
moderate_shove,3.3,0.0818877,0,0.982938,0.00706899,0,0.00299905,0.748003,1.78967,0.7497,1.79039,-0.32568,0,0.829421,3,0.5,-0.04568,0,0.829421,0,0.5,-0.18568,0.829421,1.33934,0.922462,1,0,0,0.000127981
moderate_shove,3.31667,0.0819975,0,0.982985,0.00659108,0,0.00279629,0.74128,1.78541,0.742862,1.78608,-0.32568,0,0.829421,3,0.5,-0.04568,0,0.829421,0,0.5,-0.18568,0.829421,1.33161,0.922462,1,0,0,0.000119329
moderate_shove,3.33333,0.0821,0,0.983028,0.00614548,0,0.00260725,0.734,1.78053,0.735475,1.78116,-0.32568,0,0.829421,3,0.5,-0.04568,0,0.829421,0,0.5,-0.18568,0.829421,1.32303,0.922462,1,0,0,0.000111261
moderate_shove,3.35,0.0821955,0,0.983069,0.00573001,0,0.00243098,0.72619,1.77504,0.727566,1.77562,-0.32568,0,0.829421,3,0.5,-0.04568,0,0.829421,0,0.5,-0.18568,0.829421,1.31366,0.922462,1,0,0,0.000103739
moderate_shove,3.36667,0.0822845,0,0.983107,0.00534263,0,0.00226663,0.71788,1.76894,0.719162,1.76948,-0.32568,0,0.829421,3,0.5,-0.04568,0,0.829421,0,0.5,-0.18568,0.829421,1.3035,0.922462,1,0,0,9.6726e-05
moderate_shove,3.38333,0.0823675,0,0.983142,0.00498143,0,0.00211339,0.709097,1.76225,0.710292,1.76275,-0.32568,0,0.829421,3,0.5,-0.04568,0,0.829421,0,0.5,-0.18568,0.829421,1.29259,0.922462,1,0,0,9.01867e-05
moderate_shove,3.4,0.0824449,0,0.983175,0.00464466,0,0.00197052,0.699868,1.75497,0.700983,1.75544,-0.32568,0,0.829421,3,0.5,-0.04568,0,0.829421,0,0.5,-0.18568,0.829421,1.28095,0.922462,1,0,0,8.40895e-05
moderate_shove,3.41667,0.0825171,0,0.983205,0.00433065,0,0.0018373,0.690221,1.74712,0.69126,1.74756,-0.32568,0,0.829421,3,0.5,-0.04568,0,0.829421,0,0.5,-0.18568,0.829421,1.26861,0.922462,1,0,0,7.84045e-05
moderate_shove,3.43333,0.0825844,0,0.983234,0.00403787,0,0.00171308,0.680183,1.73871,0.681152,1.73913,-0.32568,0,0.829421,3,0.5,-0.04568,0,0.829421,0,0.5,-0.18568,0.829421,1.2556,0.922462,1,0,0,7.31039e-05
moderate_shove,3.45,0.0826472,0,0.98326,0.00376489,0,0.00159727,0.66978,1.72976,0.670683,1.73014,-0.32568,0,0.829421,3,0.5,-0.04568,0,0.829421,0,0.5,-0.18568,0.829421,1.24194,0.922462,1,0,0,6.81616e-05
moderate_shove,3.46667,0.0827057,0,0.983285,0.00351036,0,0.00148928,0.659039,1.72027,0.659881,1.72063,-0.32568,0,0.829421,3,0.5,-0.04568,0,0.829421,0,0.5,-0.18568,0.829421,1.22766,0.922462,1,0,0,6.35535e-05
moderate_shove,3.48333,0.0827602,0,0.983308,0.00327303,0,0.0013886,0.647987,1.71026,0.648772,1.7106,-0.32568,0,0.829421,3,0.5,-0.04568,0,0.829421,0,0.5,-0.18568,0.829421,1.2128,0.922462,1,0,0,5.92569e-05
moderate_shove,3.5,0.0828111,0,0.98333,0.00305176,0,0.00129472,0.63665,1.69976,0.637383,1.70007,-0.32568,0,0.829421,3,0.5,-0.04568,0,0.829421,0,0.5,-0.18568,0.829421,1.19738,0.922462,1,0,0,5.52508e-05
moderate_shove,3.51667,0.0828585,0,0.98335,0.00284544,0,0.00120719,0.625055,1.68878,0.625738,1.68907,-0.32568,0,0.829421,3,0.5,-0.04568,0,0.829421,0,0.5,-0.18568,0.829421,1.18144,0.922462,1,0,0,5.15155e-05
moderate_shove,3.53333,0.0829027,0,0.983369,0.00265307,0,0.00112558,0.613228,1.67735,0.613865,1.67762,-0.32568,0,0.829421,3,0.5,-0.04568,0,0.829421,0,0.5,-0.18568,0.829421,1.16501,0.922462,1,0,0,4.80327e-05
moderate_shove,3.55,0.082944,0,0.983386,0.00247371,0,0.00104948,0.601194,1.66549,0.601787,1.66574,-0.32568,0,0.829421,3,0.5,-0.04568,0,0.829421,0,0.5,-0.18568,0.829421,1.14812,0.922462,1,0,0,4.47854e-05
moderate_shove,3.56667,0.0829824,0,0.983403,0.00230647,0,0.000978529,0.588978,1.65322,0.589532,1.65345,-0.32568,0,0.829421,3,0.5,-0.04568,0,0.829421,0,0.5,-0.18568,0.829421,1.13081,0.922462,1,0,0,4.17576e-05
moderate_shove,3.58333,0.0830182,0,0.983418,0.00215054,0,0.000912375,0.576606,1.64057,0.577122,1.64079,-0.32568,0,0.829421,3,0.5,-0.04568,0,0.829421,0,0.5,-0.18568,0.829421,1.11312,0.922462,1,0,0,3.89346e-05
moderate_shove,3.6,0.0830517,0,0.983432,0.00200515,0,0.000850693,0.564102,1.62756,0.564583,1.62777,-0.32568,0,0.829421,3,0.5,-0.04568,0,0.829421,0,0.5,-0.18568,0.829421,1.09508,0.922462,1,0,0,3.63023e-05
moderate_shove,3.61667,0.0830828,0,0.983445,0.00186959,0,0.000793181,0.551489,1.61423,0.551937,1.61442,-0.32568,0,0.829421,3,0.5,-0.04568,0,0.829421,0,0.5,-0.18568,0.829421,1.07673,0.922462,1,0,0,3.38481e-05
moderate_shove,3.63333,0.0831119,0,0.983458,0.00174319,0,0.000739557,0.538791,1.6006,0.539209,1.60078,-0.32568,0,0.829421,3,0.5,-0.04568,0,0.829421,0,0.5,-0.18568,0.829421,1.0581,0.922462,1,0,0,3.15597e-05
moderate_shove,3.65,0.083139,0,0.983469,0.00162534,0,0.000689558,0.526029,1.58671,0.52642,1.58687,-0.32568,0,0.829421,3,0.5,-0.04568,0,0.829421,0,0.5,-0.18568,0.829421,1.03923,0.922462,1,0,0,2.94261e-05
moderate_shove,3.66667,0.0831642,0,0.98348,0.00151546,0,0.00064294,0.513227,1.57257,0.513591,1.57272,-0.32568,0,0.829421,3,0.5,-0.04568,0,0.829421,0,0.5,-0.18568,0.829421,1.02017,0.922462,1,0,0,2.74367e-05
moderate_shove,3.68333,0.0831878,0,0.98349,0.001413,0,0.000599473,0.500404,1.55822,0.500743,1.55836,-0.32568,0,0.829421,3,0.5,-0.04568,0,0.829421,0,0.5,-0.18568,0.829421,1.00093,0.922462,1,0,0,2.55818e-05
moderate_shove,3.7,0.0832097,0,0.983499,0.00131748,0,0.000558945,0.487581,1.54369,0.487897,1.54382,-0.32568,0,0.829421,3,0.5,-0.04568,0,0.829421,0,0.5,-0.18568,0.829421,0.98156,0.922462,1,0,0,2.38523e-05
moderate_shove,3.71667,0.0832302,0,0.983508,0.00122841,0,0.000521157,0.474776,1.52901,0.475071,1.52913,-0.32568,0,0.829421,3,0.5,-0.04568,0,0.829421,0,0.5,-0.18568,0.829421,0.962093,0.922462,1,0,0,2.22398e-05
moderate_shove,3.73333,0.0832493,0,0.983516,0.00114536,0,0.000485923,0.462009,1.5142,0.462284,1.51432,-0.32568,0,0.829421,3,0.5,-0.04568,0,0.829421,0,0.5,-0.18568,0.829421,0.942561,0.922462,1,0,0,2.07362e-05
moderate_shove,3.75,0.0832671,0,0.983524,0.00106793,0,0.000453072,0.449295,1.49929,0.449552,1.4994,-0.32568,0,0.829421,3,0.5,-0.04568,0,0.829421,0,0.5,-0.18568,0.829421,0.922997,0.922462,1,0,0,1.93343e-05
moderate_shove,3.76667,0.0832837,0,0.983531,0.000995727,0,0.000422442,0.436653,1.48432,0.436892,1.48442,-0.32568,0,0.829421,3,0.5,-0.04568,0,0.829421,0,0.5,-0.18568,0.829421,0.903432,0.922462,1,0,0,1.80272e-05
moderate_shove,3.78333,0.0832992,0,0.983537,0.00092841,0,0.000393882,0.424096,1.4693,0.424319,1.4694,-0.32568,0,0.829421,3,0.5,-0.04568,0,0.829421,0,0.5,-0.18568,0.829421,0.883896,0.922462,1,0,0,1.68085e-05
moderate_shove,3.8,0.0833136,0,0.983543,0.000865644,0,0.000367253,0.41164,1.45426,0.411848,1.45435,-0.32568,0,0.829421,3,0.5,-0.04568,0,0.829421,0,0.5,-0.18568,0.829421,0.864419,0.922462,1,0,0,1.56721e-05
moderate_shove,3.81667,0.083327,0,0.983549,0.000807121,0,0.000342425,0.399298,1.43923,0.399491,1.43932,-0.32568,0,0.829421,3,0.5,-0.04568,0,0.829421,0,0.5,-0.18568,0.829421,0.845027,0.922462,1,0,0,1.46126e-05
moderate_shove,3.83333,0.0833396,0,0.983554,0.000752554,0,0.000319275,0.387082,1.42423,0.387263,1.42431,-0.32568,0,0.829421,3,0.5,-0.04568,0,0.829421,0,0.5,-0.18568,0.829421,0.825746,0.922462,1,0,0,1.36247e-05
moderate_shove,3.85,0.0833513,0,0.983559,0.000701677,0,0.00029769,0.375005,1.40928,0.375174,1.40935,-0.32568,0,0.829421,3,0.5,-0.04568,0,0.829421,0,0.5,-0.18568,0.829421,0.806603,0.922462,1,0,0,1.27036e-05
moderate_shove,3.86667,0.0833622,0,0.983564,0.000654239,0,0.000277564,0.363078,1.39441,0.363235,1.39447,-0.32568,0,0.829421,3,0.5,-0.04568,0,0.829421,0,0.5,-0.18568,0.829421,0.787619,0.922462,1,0,0,1.18447e-05
moderate_shove,3.88333,0.0833723,0,0.983568,0.000610009,0,0.000258799,0.351309,1.37962,0.351455,1.37969,-0.32568,0,0.829421,3,0.5,-0.04568,0,0.829421,0,0.5,-0.18568,0.829421,0.768817,0.922462,1,0,0,1.10439e-05
moderate_shove,3.9,0.0833818,0,0.983572,0.000568768,0,0.000241303,0.339708,1.36495,0.339844,1.36501,-0.32568,0,0.829421,3,0.5,-0.04568,0,0.829421,0,0.5,-0.18568,0.829421,0.750217,0.922462,1,0,0,1.02973e-05
moderate_shove,3.91667,0.0833907,0,0.983576,0.000530316,0,0.000224989,0.328283,1.35041,0.32841,1.35046,-0.32568,0,0.829421,3,0.5,-0.04568,0,0.829421,0,0.5,-0.18568,0.829421,0.731838,0.922462,1,0,0,9.60115e-06
moderate_shove,3.93333,0.0833989,0,0.983579,0.000494464,0,0.000209778,0.317042,1.33601,0.31716,1.33606,-0.32568,0,0.829421,3,0.5,-0.04568,0,0.829421,0,0.5,-0.18568,0.829421,0.713698,0.922462,1,0,0,8.95205e-06
moderate_shove,3.95,0.0834066,0,0.983583,0.000461035,0,0.000195596,0.30599,1.32178,0.306101,1.32183,-0.32568,0,0.829421,3,0.5,-0.04568,0,0.829421,0,0.5,-0.18568,0.829421,0.695813,0.922462,1,0,0,8.34684e-06
moderate_shove,3.96667,0.0834137,0,0.983586,0.000429866,0,0.000182373,0.295134,1.30772,0.295237,1.30776,-0.32568,0,0.829421,3,0.5,-0.04568,0,0.829421,0,0.5,-0.18568,0.829421,0.678196,0.922462,1,0,0,7.78254e-06
moderate_shove,3.98333,0.0834204,0,0.983589,0.000400804,0,0.000170043,0.284479,1.29385,0.284575,1.29389,-0.32568,0,0.829421,3,0.5,-0.04568,0,0.829421,0,0.5,-0.18568,0.829421,0.660863,0.922462,1,0,0,7.25639e-06
strong_shove,0,0,0,0.0950556,0,0,5.70333,5.808e-05,0.0957574,5.808e-05,1.46456,-0.12,0,0,1,0.380952,0.12,0,0,0,0.619048,0.0285714,0,0.0999124,0.216667,0,0,0,0.0950556
strong_shove,0.0166667,0,0,0.188527,0,0,5.60828,0.000227824,0.19041,0.000227824,1.5364,-0.12,0,0,1,0.261905,0.12,0,0,0,0.738095,0.0571429,0,0.198734,0.386389,0,0,0,0.0934713
strong_shove,0.0333333,0,0,0.28044,0,0,5.51481,0.000558238,0.283777,0.000558238,1.60733,-0.12,0,0,1,0.142857,0.12,0,0,0,0.857143,0.0857143,0,0.296279,0.519338,0,0,0,0.0919134
strong_shove,0.05,0.000112287,0,0.370555,0.00673724,0,5.40689,0.00121761,0.375427,0.00283455,1.67308,-0.12,0,0,1,0.0238095,0.12,0,0,0,0.976191,0.114286,0,0.392084,0.623481,0,0,0,0.0901148
strong_shove,0.0666667,0.000439547,0,0.458483,0.0196356,0,5.27565,0.00228917,0.464791,0.00700171,1.73095,-0.12,0,0,2,0,0.12,0,0,0,1,0.12,0,0.479465,0.70506,0,0,0,0.0879281
strong_shove,0.0833333,0.00104303,0,0.543832,0.0362087,0,5.12099,0.00381419,0.551317,0.0125043,1.78035,-0.120097,0.0249863,0.0242372,2,0,0.12,0,0,0,1,0.12,0,0.563427,0.768964,0,0,0,0.085352
strong_shove,0.1,0.00192447,0,0.626558,0.0528867,0,4.96354,0.00577394,0.634809,0.0184667,1.82606,-0.120196,0.0496672,0.0490307,2,0,0.12,0,0,0,1,0.12,0,0.645004,0.819022,0,0,0,0.0827303
strong_shove,0.116667,0.0030707,0,0.706658,0.0687736,0,4.806,0.00813447,0.715133,0.0246401,1.86857,-0.120298,0.0717037,0.0742781,2,0,0.12,0,0,0,1,0.12,0,0.72383,0.858234,0,0,0,0.0801082
strong_shove,0.133333,0.00446497,0,0.784131,0.0836565,0,4.64837,0.0108582,0.792173,0.0309358,1.90778,-0.1204,0.0889255,0.0998929,2,0,0.12,0,0,0,1,0.12,0,0.799657,0.88895,0,0,0,0.0774854
strong_shove,0.15,0.00608607,0,0.858975,0.0972659,0,4.49062,0.0139032,0.86583,0.037247,1.94358,-0.120504,0.0995578,0.125803,2,0,0.12,0,0,0,1,0.12,0,0.872307,0.913011,0,0,0,0.0748613
strong_shove,0.166667,0.0079072,0,0.931187,0.109268,0,4.33275,0.0172221,0.936128,0.0434464,1.97599,-0.120609,0.102405,0.151949,2,0,0.12,0,0,0,1,0.12,0,0.941753,0.931858,0,0,0,0.0722354
strong_shove,0.183333,0.0099056,0,1.00077,0.119904,0,4.17477,0.0207723,1.00313,0.0495492,2.00507,-0.120714,0.0969731,0.178283,2,0,0.12,0,0,0,1,0.12,0,1.00802,0.946622,0,0,0,0.0696082
strong_shove,0.2,0.0120616,0,1.06771,0.129358,0,4.01672,0.0324545,1.03604,0.0635006,2.00005,-0.12082,0.083522,0.204767,2,0,0.12,0,0,0,1,0.12,0,1.03973,0.958188,1,0,0,0.06698
strong_shove,0.216667,0.0140718,0,1.13013,0.120613,0,3.74516,0.0444697,1.06505,0.0734168,1.96389,-0.121084,0.0850724,0.235246,2,0,0.121187,0.00464372,0.0380634,0,0,0.0140718,1.13013,0.0718265,0.958188,1,0,0,0.0624518
strong_shove,0.233333,0.0159461,0,1.18833,0.112459,0,3.49197,0.0567763,1.09054,0.0837664,1.92861,-0.121348,0.0865599,0.265726,2,0,0.122375,0.00922464,0.0761268,0,0,0.0159461,1.18833,0.105971,0.958188,1,0,0,0.0582296
strong_shove,0.25,0.0176937,0,1.2426,0.104856,0,3.25589,0.0693347,1.11283,0.0945001,1.89424,-0.121611,0.0879226,0.296205,2,0,0.123562,0.0136808,0.11419,0,0,0.0176937,1.2426,0.139662,0.958188,1,0,0,0.054293
strong_shove,0.266667,0.0193232,0,1.29319,0.097767,0,3.03577,0.082107,1.13223,0.105571,1.86082,-0.121875,0.0891004,0.326685,2,0,0.12475,0.017952,0.152254,0,0,0.0193232,1.29319,0.172773,0.958188,1,0,0,0.0506224
strong_shove,0.283333,0.0208424,0,1.34037,0.0911574,0,2.83053,0.0950571,1.14902,0.116935,1.82835,-0.122139,0.0900354,0.357164,2,0,0.125937,0.0219804,0.190317,0,0,0.0208424,1.34037,0.205234,0.958188,1,0,0,0.0472
strong_shove,0.3,0.022259,0,1.38435,0.0849946,0,2.63917,0.108151,1.16346,0.128549,1.79687,-0.122402,0.0906731,0.387644,2,0,0.127125,0.0257115,0.22838,0,0,0.022259,1.38435,0.237,0.958188,1,0,0,0.044009
strong_shove,0.316667,0.0235798,0,1.42537,0.0792484,0,2.46075,0.121355,1.1758,0.140375,1.76638,-0.122666,0.0909631,0.418123,2,0,0.128312,0.0290949,0.266444,0,0,0.0235798,1.42537,0.268037,0.958188,1,0,0,0.0410337
strong_shove,0.333333,0.0248113,0,1.46361,0.0738907,0,2.29439,0.13464,1.18624,0.152373,1.7369,-0.122929,0.0908597,0.448602,2,0,0.1295,0.0320849,0.304507,0,0,0.0248113,1.46361,0.298316,0.958188,1,0,0,0.0382596
strong_shove,0.35,0.0259596,0,1.49926,0.0688953,0,2.13927,0.147975,1.195,0.164509,1.70842,-0.123193,0.0903224,0.479082,2,0,0.130687,0.034641,0.342571,0,0,0.0259596,1.49926,0.327818,0.958188,1,0,0,0.035673
strong_shove,0.366667,0.0270302,0,1.5325,0.0642375,0,1.99464,0.161333,1.20224,0.17675,1.68095,-0.123457,0.0893166,0.509561,2,0,0.131875,0.0367286,0.380634,0,0,0.0270302,1.5325,0.356528,0.958188,1,0,0,0.0332613
strong_shove,0.383333,0.0280285,0,1.5635,0.0598947,0,1.85979,0.174687,1.20814,0.189062,1.65449,-0.12372,0.0878141,0.540041,2,0,0.133062,0.0383196,0.418698,0,0,0.0280285,1.5635,0.384434,0.958188,1,0,0,0.0310126
strong_shove,0.4,0.0289592,0,1.5924,0.0558454,0,1.73406,0.188015,1.21285,0.201418,1.62903,-0.123984,0.0857934,0.57052,2,0,0.13425,0.0393923,0.456761,0,0,0.0289592,1.5924,0.411529,0.958188,1,0,0,0.028916
strong_shove,0.416667,0.0298271,0,1.61935,0.0520699,0,1.61683,0.201292,1.21651,0.213788,1.60455,-0.124248,0.08324,0.601,2,0,0.135437,0.0399323,0.494824,0,0,0.0298271,1.61935,0.437812,0.958188,1,0,0,0.0269611
strong_shove,0.433333,0.0306362,0,1.64447,0.0485497,0,1.50752,0.214497,1.21924,0.226149,1.58104,-0.124511,0.0801466,0.631479,2,0,0.136625,0.0399323,0.532888,0,0,0.0306362,1.64447,0.463283,0.958188,1,0,0,0.0251384
strong_shove,0.45,0.0313907,0,1.6679,0.0452674,0,1.4056,0.22761,1.22115,0.238475,1.55849,-0.124775,0.0765132,0.661959,2,0,0.137812,0.0393923,0.570951,0,0,0.0313907,1.6679,0.487945,0.958188,1,0,0,0.0234388
strong_shove,0.466667,0.0320941,0,1.68974,0.0422071,0,1.31057,0.240614,1.22235,0.250744,1.53688,-0.125039,0.0723471,0.692438,2,0,0.138999,0.0383196,0.609015,0,0,0.0320941,1.68974,0.511803,0.958188,1,0,0,0.0218542
strong_shove,0.483333,0.03275,0,1.71011,0.0393536,0,1.22197,0.253491,1.22292,0.262936,1.51619,-0.125302,0.0676627,0.722918,2,0,0.140187,0.0367286,0.647078,0,0,0.03275,1.71011,0.534867,0.958188,1,0,0,0.0203768
strong_shove,0.5,0.0333616,0,1.7291,0.0366931,0,1.13936,0.266225,1.22295,0.275031,1.4964,-0.125566,0.0624817,0.753397,2,0,0.141374,0.034641,0.685141,0,0,0.0333616,1.7291,0.557146,0.958188,1,0,0,0.0189992
strong_shove,0.516667,0.0339318,0,1.74681,0.0342124,0,1.06233,0.278803,1.22252,0.287014,1.47748,-0.125829,0.0568322,0.783876,2,0,0.142562,0.0320849,0.723205,0,0,0.0339318,1.74681,0.578654,0.958188,1,0,0,0.0177147
strong_shove,0.533333,0.0344634,0,1.76331,0.0318994,0,0.990511,0.291211,1.22168,0.298866,1.4594,-0.126093,0.0507488,0.814356,2,0,0.143749,0.0290949,0.761268,0,0,0.0344634,1.76331,0.599403,0.958188,1,0,0,0.0165171
strong_shove,0.55,0.0349591,0,1.77871,0.0297428,0,0.923547,0.303437,1.22051,0.310576,1.44216,-0.126357,0.0442719,0.844835,2,0,0.144937,0.0257115,0.799332,0,0,0.0349591,1.77871,0.619409,0.958188,1,0,0,0.0154004
strong_shove,0.566667,0.0354213,0,1.79306,0.027732,0,0.861109,0.315473,1.21904,0.322128,1.42571,-0.12662,0.0374474,0.875315,2,0,0.146124,0.0219803,0.837395,0,0,0.0354213,1.79306,0.638688,0.958188,1,0,0,0.0143593
strong_shove,0.583333,0.0358523,0,1.80644,0.0258572,0,0.802893,0.327307,1.21734,0.333512,1.41003,-0.126884,0.0303255,0.905794,2,0,0.147312,0.0179519,0.875459,0,0,0.0358523,1.80644,0.657256,0.958188,1,0,0,0.0133885
strong_shove,0.6,0.0362541,0,1.81892,0.0241091,0,0.748612,0.338932,1.21544,0.344718,1.3951,-0.127148,0.022961,0.936274,2,0,0.148499,0.0136808,0.913522,0,0,0.0362541,1.81892,0.675132,0.958188,1,0,0,0.0124833
strong_shove,0.616667,0.0366288,0,1.83055,0.0224791,0,0.698002,0.350341,1.21337,0.355736,1.38089,-0.127411,0.0154114,0.966753,2,0,0.149687,0.00922459,0.951586,0,0,0.0366288,1.83055,0.692334,0.958188,1,0,0,0.0116394
strong_shove,0.633333,0.0369781,0,1.8414,0.0209594,0,0.650812,0.361527,1.21117,0.366557,1.36737,-0.127675,0.00773704,0.997233,2,0,0.150874,0.00464366,0.989649,0,0,0.0369781,1.8414,0.708881,0.958188,1,0,0,0.0108525
strong_shove,0.65,0.0373038,0,1.85151,0.0195424,0,0.606813,0.372486,1.20888,0.377176,1.35451,-0.127938,0,1.02771,2,0,0.152062,0,1.02771,0,0,0.0373038,1.85151,0.724791,0.958188,1,0,0,0.0101188
strong_shove,0.666667,0.0376075,0,1.86094,0.0182212,0,0.565789,0.383213,1.20651,0.387586,1.3423,-0.127938,0,1.02771,2,0.0219298,0.152062,0,1.02771,0,0.0219298,0.0120616,1.02771,0.411973,0.958188,1,0,0,0.00943471
strong_shove,0.683333,0.0378906,0,1.86973,0.0169894,0,0.527538,0.393704,1.20408,0.397782,1.33069,-0.127938,0,1.02771,2,0.0438597,0.152062,0,1.02771,0,0.0438597,0.0120616,1.02771,0.420427,0.958188,1,0,0,0.00879686
strong_shove,0.7,0.0381547,0,1.87793,0.0158408,0,0.491874,0.403958,1.20163,0.40776,1.31968,-0.127938,0,1.02771,2,0.0657895,0.152062,0,1.02771,0,0.0657895,0.0120616,1.02771,0.428753,0.958188,1,0,0,0.00820214
strong_shove,0.716667,0.0384008,0,1.88557,0.0147699,0,0.45862,0.413972,1.19915,0.417517,1.30922,-0.127938,0,1.02771,2,0.0877193,0.152062,0,1.02771,0,0.0877193,0.0120616,1.02771,0.436948,0.958188,1,0,0,0.00764763
strong_shove,0.733333,0.0386303,0,1.8927,0.0137713,0,0.427614,0.423745,1.19667,0.42705,1.2993,-0.127938,0,1.02771,2,0.109649,0.152062,0,1.02771,0,0.109649,0.0120616,1.02771,0.445007,0.958188,1,0,0,0.0071306
strong_shove,0.75,0.0388443,0,1.89935,0.0128403,0,0.398705,0.433276,1.19421,0.436357,1.28989,-0.127938,0,1.02771,2,0.131579,0.152062,0,1.02771,0,0.131579,0.0120616,1.02771,0.452925,0.958188,1,0,0,0.00664853
strong_shove,0.766667,0.0390439,0,1.90554,0.0119722,0,0.37175,0.442565,1.19176,0.445438,1.28098,-0.127938,0,1.02771,2,0.153509,0.152062,0,1.02771,0,0.153509,0.0120616,1.02771,0.460699,0.958188,1,0,0,0.00619905
strong_shove,0.783333,0.0392299,0,1.91132,0.0111628,0,0.346617,0.451613,1.18934,0.454292,1.27253,-0.127938,0,1.02771,2,0.175439,0.152062,0,1.02771,0,0.175439,0.0120616,1.02771,0.468325,0.958188,1,0,0,0.00577995
strong_shove,0.8,0.0394034,0,1.91671,0.0104081,0,0.323184,0.460421,1.18696,0.462919,1.26452,-0.127938,0,1.02771,2,0.197368,0.152062,0,1.02771,0,0.197368,0.0120616,1.02771,0.475799,0.958188,1,0,0,0.00538919
strong_shove,0.816667,0.0395651,0,1.92173,0.00970449,0,0.301335,0.46899,1.18462,0.471319,1.25694,-0.127938,0,1.02771,2,0.219298,0.152062,0,1.02771,0,0.219298,0.0120616,1.02771,0.483118,0.958188,1,0,0,0.00502485
strong_shove,0.833333,0.0397159,0,1.92641,0.00904841,0,0.280963,0.477323,1.18232,0.479494,1.24976,-0.127938,0,1.02771,2,0.241228,0.152062,0,1.02771,0,0.241228,0.0120616,1.02771,0.490278,0.958188,1,0,0,0.00468514
strong_shove,0.85,0.0398566,0,1.93078,0.00843668,0,0.261968,0.485421,1.18008,0.487446,1.24296,-0.127938,0,1.02771,2,0.263158,0.152062,0,1.02771,0,0.263158,0.0120616,1.02771,0.497279,0.958188,1,0,0,0.00436839
strong_shove,0.866667,0.0399877,0,1.93485,0.00786631,0,0.244257,0.493287,1.1779,0.495175,1.23652,-0.127938,0,1.02771,2,0.285088,0.152062,0,1.02771,0,0.285088,0.0120616,1.02771,0.504118,0.958188,1,0,0,0.00407306
strong_shove,0.883333,0.0401099,0,1.93864,0.0073345,0,0.227744,0.500925,1.17577,0.502685,1.23043,-0.127938,0,1.02771,2,0.307018,0.152062,0,1.02771,0,0.307018,0.0120616,1.02771,0.510793,0.958188,1,0,0,0.0037977
strong_shove,0.9,0.0402239,0,1.94218,0.00683864,0,0.212347,0.508336,1.17371,0.509977,1.22467,-0.127938,0,1.02771,2,0.328947,0.152062,0,1.02771,0,0.328947,0.0120616,1.02771,0.517304,0.958188,1,0,0,0.00354095
strong_shove,0.916667,0.0403302,0,1.94548,0.0063763,0,0.197991,0.515526,1.1717,0.517056,1.21922,-0.127938,0,1.02771,2,0.350877,0.152062,0,1.02771,0,0.350877,0.0120616,1.02771,0.52365,0.958188,1,0,0,0.00330156
strong_shove,0.933333,0.0404292,0,1.94856,0.00594523,0,0.184606,0.522496,1.16976,0.523923,1.21406,-0.127938,0,1.02771,2,0.372807,0.152062,0,1.02771,0,0.372807,0.0120616,1.02771,0.529831,0.958188,1,0,0,0.00307836
strong_shove,0.95,0.0405216,0,1.95143,0.00554329,0,0.172125,0.529252,1.16788,0.530583,1.20919,-0.127938,0,1.02771,2,0.394737,0.152062,0,1.02771,0,0.394737,0.0120616,1.02771,0.535848,0.958188,1,0,0,0.00287024
strong_shove,0.966667,0.0406078,0,1.9541,0.00516853,0,0.160488,0.535797,1.16606,0.537038,1.20458,-0.127938,0,1.02771,2,0.416667,0.152062,0,1.02771,0,0.416667,0.0120616,1.02771,0.541701,0.958188,1,0,0,0.00267619
strong_shove,0.983333,0.0406881,0,1.9566,0.00481911,0,0.149638,0.542136,1.1643,0.543292,1.20022,-0.127938,0,1.02771,2,0.438597,0.152062,0,1.02771,0,0.438597,0.0120616,1.02771,0.54739,0.958188,1,0,0,0.00249527
strong_shove,1,0.040763,0,1.95892,0.00449331,0,0.139522,0.548272,1.16261,0.54935,1.19609,-0.127938,0,1.02771,2,0.460526,0.152062,0,1.02771,0,0.460526,0.0120616,1.02771,0.552918,0.958188,1,0,0,0.00232657
strong_shove,1.01667,0.0408328,0,1.96109,0.00418953,0,0.130089,0.55421,1.16097,0.555215,1.1922,-0.127938,0,1.02771,2,0.482456,0.152062,0,1.02771,0,0.482456,0.0120616,1.02771,0.558286,0.958188,1,0,0,0.00216928
strong_shove,1.03333,0.0408979,0,1.96311,0.00390629,0,0.121295,0.559954,1.1594,0.560891,1.18851,-0.127938,0,1.02771,2,0.5,0.152062,0,1.02771,0,0.5,0.0120616,1.02771,0.563496,0.958188,1,0,0,0.00202262
strong_shove,1.05,0.0409586,0,1.965,0.0036422,0,0.113094,0.565508,1.15789,0.566383,1.18503,-0.127938,0,1.02771,2,0.5,0.152062,0,1.02771,0,0.5,0.0120616,1.02771,0.56855,0.958188,1,0,0,0.00188588
strong_shove,1.06667,0.0410152,0,1.96675,0.00339597,0,0.105448,0.570878,1.15643,0.571693,1.18174,-0.127938,0,1.02771,2,0.5,0.152062,0,1.02771,0,0.5,0.0120616,1.02771,0.573449,0.958188,1,0,0,0.00175839
strong_shove,1.08333,0.041068,0,1.96839,0.00316638,0,0.0983195,0.576068,1.15503,0.576828,1.17862,-0.127938,0,1.02771,2,0.5,0.152062,0,1.02771,0,0.5,0.0120616,1.02771,0.578197,0.958188,1,0,0,0.00163951
strong_shove,1.1,0.0411172,0,1.96992,0.00295231,0,0.0916725,0.581082,1.15368,0.58179,1.17568,-0.127938,0,1.02771,2,0.5,0.152062,0,1.02771,0,0.5,0.0120616,1.02771,0.582796,0.958188,1,0,0,0.00152867
strong_shove,1.11667,0.0411631,0,1.97135,0.00275272,0,0.0854749,0.585924,1.15238,0.586585,1.1729,-0.127938,0,1.02771,2,0.5,0.152062,0,1.02771,0,0.5,0.0120616,1.02771,0.587249,0.958188,1,0,0,0.00142532
strong_shove,1.13333,0.0412058,0,1.97267,0.00256662,0,0.0796962,0.590599,1.15114,0.591215,1.17027,-0.127938,0,1.02771,2,0.5,0.152062,0,1.02771,0,0.5,0.0120616,1.02771,0.591558,0.958188,1,0,0,0.00132896
strong_shove,1.15,0.0412457,0,1.97391,0.0023931,0,0.0743083,0.595112,1.14995,0.595687,1.16779,-0.127938,0,1.02771,2,0.5,0.152062,0,1.02771,0,0.5,0.0120616,1.02771,0.595727,0.958188,1,0,0,0.00123911
strong_shove,1.16667,0.0412829,0,1.97507,0.00223131,0,0.0692846,0.599467,1.14881,0.600003,1.16544,-0.127938,0,1.02771,2,0.5,0.152062,0,1.02771,0,0.5,0.0120616,1.02771,0.599758,0.958188,1,0,0,0.00115534
strong_shove,1.18333,0.0413176,0,1.97614,0.00208046,0,0.0646005,0.603669,1.14771,0.604168,1.16322,-0.127938,0,1.02771,2,0.5,0.152062,0,1.02771,0,0.5,0.0120616,1.02771,0.603655,0.958188,1,0,0,0.00107723
strong_shove,1.2,0.0413499,0,1.97715,0.00193981,0,0.0602331,0.607721,1.14666,0.608186,1.16112,-0.127938,0,1.02771,2,0.5,0.152062,0,1.02771,0,0.5,0.0120616,1.02771,0.60742,0.958188,1,0,0,0.00100441
strong_shove,1.21667,0.0413801,0,1.97808,0.00180867,0,0.056161,0.611628,1.14566,0.612062,1.15914,-0.127938,0,1.02771,2,0.5,0.152062,0,1.02771,0,0.5,0.0120616,1.02771,0.611057,0.958188,1,0,0,0.000936502
strong_shove,1.23333,0.0414082,0,1.97896,0.00168639,0,0.0523642,0.615394,1.1447,0.615799,1.15726,-0.127938,0,1.02771,2,0.5,0.152062,0,1.02771,0,0.5,0.0120616,1.02771,0.614569,0.958188,1,0,0,0.000873189
strong_shove,1.25,0.0414344,0,1.97977,0.00157238,0,0.048824,0.619024,1.14377,0.619401,1.15549,-0.127938,0,1.02771,2,0.5,0.152062,0,1.02771,0,0.5,0.0120616,1.02771,0.617959,0.958188,1,0,0,0.000814156
strong_shove,1.26667,0.0414588,0,1.98053,0.00146608,0,0.0455232,0.622521,1.14289,0.622873,1.15382,-0.127938,0,1.02771,2,0.5,0.152062,0,1.02771,0,0.5,0.0120616,1.02771,0.62123,0.958188,1,0,0,0.000759114
strong_shove,1.28333,0.0414816,0,1.98124,0.00136696,0,0.0424456,0.625889,1.14205,0.626217,1.15224,-0.127938,0,1.02771,2,0.5,0.152062,0,1.02771,0,0.5,0.0120616,1.02771,0.624386,0.958188,1,0,0,0.000707793
strong_shove,1.3,0.0415028,0,1.9819,0.00127455,0,0.039576,0.628085,1.14188,0.628391,1.15138,-0.127938,0,1.02771,2,0.5,0.152062,0,1.02771,0,0.5,0.0120616,1.02771,0.626514,0.958188,1,0,0,0.000659942
strong_shove,1.31667,0.0415227,0,1.98251,0.00118838,0,0.0369004,0.629196,1.14234,0.629481,1.15119,-0.127938,0,1.02771,2,0.5,0.152062,0,1.02771,0,0.5,0.0120616,1.02771,0.627689,0.958188,1,0,0,0.000615326
strong_shove,1.33333,0.0415411,0,1.98308,0.00110804,0,0.0344057,0.629299,1.14336,0.629565,1.15162,-0.127938,0,1.02771,2,0.5,0.152062,0,1.02771,0,0.5,0.0120616,1.02771,0.627979,0.958188,1,0,0,0.000573726
strong_shove,1.35,0.0415583,0,1.98362,0.00103313,0,0.0320797,0.628466,1.14493,0.628714,1.15263,-0.127938,0,1.02771,2,0.5,0.152062,0,1.02771,0,0.5,0.0120616,1.02771,0.62745,0.958188,1,0,0,0.000534939
strong_shove,1.36667,0.0415744,0,1.98412,0.00096328,0,0.0299109,0.626761,1.147,0.626993,1.15418,-0.127938,0,1.02771,2,0.5,0.152062,0,1.02771,0,0.5,0.0120616,1.02771,0.626168,0.958188,1,0,0,0.000498773
strong_shove,1.38333,0.0415894,0,1.98458,0.000898157,0,0.0278887,0.624242,1.14957,0.624458,1.15626,-0.127938,0,1.02771,2,0.5,0.152062,0,1.02771,0,0.5,0.0120616,1.02771,0.624191,0.958188,1,0,0,0.000465053
strong_shove,1.4,0.0416033,0,1.98502,0.000837436,0,0.0260033,0.620963,1.15261,0.621164,1.15885,-0.127938,0,1.02771,2,0.5,0.152062,0,1.02771,0,0.5,0.0120616,1.02771,0.62158,0.958188,1,0,0,0.000433613
strong_shove,1.41667,0.0416163,0,1.98542,0.00078082,0,0.0242453,0.616972,1.15613,0.617159,1.16195,-0.127938,0,1.02771,2,0.5,0.152062,0,1.02771,0,0.5,0.0120616,1.02771,0.618391,0.958188,1,0,0,0.000404298
strong_shove,1.43333,0.0416285,0,1.9858,0.000728032,0,0.0226062,0.612316,1.1601,0.61249,1.16553,-0.127938,0,1.02771,2,0.5,0.152062,0,1.02771,0,0.5,0.0120616,1.02771,0.61468,0.958188,1,0,0,0.000376965
strong_shove,1.45,0.0416398,0,1.98615,0.000678812,0,0.0210779,0.607036,1.16453,0.607199,1.16959,-0.127938,0,1.02771,2,0.5,0.152062,0,1.02771,0,0.5,0.0120616,1.02771,0.610503,0.958188,1,0,0,0.00035148
strong_shove,1.46667,0.0416503,0,1.98647,0.00063292,0,0.0196529,0.601173,1.16941,0.601325,1.17413,-0.127938,0,1.02771,2,0.5,0.152062,0,1.02771,0,0.5,0.0120616,1.02771,0.605913,0.958188,1,0,0,0.000327718
strong_shove,1.48333,0.0416602,0,1.98678,0.000590131,0,0.0183242,0.594765,1.17473,0.594907,1.17913,-0.127938,0,1.02771,2,0.5,0.152062,0,1.02771,0,0.5,0.0120616,1.02771,0.600965,0.958188,1,0,0,0.000305562
strong_shove,1.5,0.0416693,0,1.98707,0.000550235,0,0.0170854,0.587848,1.18049,0.58798,1.18459,-0.127938,0,1.02771,2,0.5,0.152062,0,1.02771,0,0.5,0.0120616,1.02771,0.595711,0.958188,1,0,0,0.000284904
strong_shove,1.51667,0.0416779,0,1.98733,0.000513035,0,0.0159303,0.580455,1.18669,0.580578,1.19051,-0.127938,0,1.02771,2,0.5,0.152062,0,1.02771,0,0.5,0.0120616,1.02771,0.590207,0.958188,1,0,0,0.000265643
strong_shove,1.53333,0.0416859,0,1.98758,0.000478351,0,0.0148533,0.57262,1.19331,0.572734,1.19687,-0.127938,0,1.02771,2,0.5,0.152062,0,1.02771,0,0.5,0.0120616,1.02771,0.584507,0.958188,1,0,0,0.000247684
strong_shove,1.55,0.0416933,0,1.98781,0.000446012,0,0.0138491,0.564373,1.20035,0.564481,1.20367,-0.127938,0,1.02771,2,0.5,0.152062,0,1.02771,0,0.5,0.0120616,1.02771,0.578664,0.958188,1,0,0,0.000230939
strong_shove,1.56667,0.0417002,0,1.98802,0.000415858,0,0.0129129,0.555747,1.20779,0.555847,1.21089,-0.127938,0,1.02771,2,0.5,0.152062,0,1.02771,0,0.5,0.0120616,1.02771,0.572733,0.958188,1,0,0,0.000215326
strong_shove,1.58333,0.0417067,0,1.98822,0.000387744,0,0.0120399,0.54677,1.21564,0.546863,1.21853,-0.127938,0,1.02771,2,0.5,0.152062,0,1.02771,0,0.5,0.0120616,1.02771,0.56677,0.958188,1,0,0,0.000200768
strong_shove,1.6,0.0417127,0,1.98841,0.00036153,0,0.0112259,0.53747,1.22386,0.537557,1.22655,-0.127938,0,1.02771,2,0.5,0.152062,0,1.02771,0,0.5,0.0120616,1.02771,0.560828,0.958188,1,0,0,0.000187195
strong_shove,1.61667,0.0417183,0,1.98859,0.000337088,0,0.010467,0.527877,1.23245,0.527958,1.23496,-0.127938,0,1.02771,2,0.5,0.152062,0,1.02771,0,0.5,0.0120616,1.02771,0.554962,0.958188,1,0,0,0.00017454
strong_shove,1.63333,0.0417236,0,1.98875,0.000314299,0,0.00975933,0.518016,1.24139,0.518092,1.24373,-0.127938,0,1.02771,2,0.5,0.152062,0,1.02771,0,0.5,0.0120616,1.02771,0.549225,0.958188,1,0,0,0.00016274
strong_shove,1.65,0.0417284,0,1.9889,0.000293051,0,0.00909954,0.507915,1.25066,0.507985,1.25285,-0.127938,0,1.02771,2,0.5,0.152062,0,1.02771,0,0.5,0.0120616,1.02771,0.54367,0.958188,1,0,0,0.000151738
strong_shove,1.66667,0.041733,0,1.98904,0.000273238,0,0.00848435,0.497598,1.26025,0.497664,1.26228,-0.127938,0,1.02771,2,0.5,0.152062,0,1.02771,0,0.5,0.0120616,1.02771,0.538348,0.958188,1,0,0,0.000141479
strong_shove,1.68333,0.0417372,0,1.98917,0.000254766,0,0.00791076,0.487091,1.27013,0.487152,1.27203,-0.127938,0,1.02771,2,0.5,0.152062,0,1.02771,0,0.5,0.0120616,1.02771,0.533309,0.958188,1,0,0,0.000131914
strong_shove,1.7,0.0417412,0,1.9893,0.000237542,0,0.00737594,0.476418,1.28028,0.476475,1.28205,-0.127938,0,1.02771,2,0.5,0.152062,0,1.02771,0,0.5,0.0120616,1.02771,0.528597,0.958188,1,0,0,0.000122996
strong_shove,1.71667,0.0417449,0,1.98941,0.000221483,0,0.00687728,0.465602,1.29067,0.465655,1.29232,-0.127938,0,1.02771,2,0.5,0.152062,0,1.02771,0,0.5,0.0120616,1.02771,0.524258,0.958188,1,0,0,0.000114681
strong_shove,1.73333,0.0417483,0,1.98952,0.000206509,0,0.00641234,0.454665,1.30129,0.454715,1.30283,-0.127938,0,1.02771,2,0.5,0.152062,0,1.02771,0,0.5,0.0120616,1.02771,0.520332,0.958188,1,0,0,0.000106928
strong_shove,1.75,0.0417515,0,1.98962,0.000192548,0,0.00597882,0.44363,1.31212,0.443676,1.31355,-0.127938,0,1.02771,2,0.5,0.152062,0,1.02771,0,0.5,0.0120616,1.02771,0.516853,0.958188,1,0,0,9.96987e-05
strong_shove,1.76667,0.0417545,0,1.98971,0.000179531,0,0.00557462,0.432517,1.32312,0.43256,1.32445,-0.127938,0,1.02771,2,0.5,0.152062,0,1.02771,0,0.5,0.0120616,1.02771,0.513854,0.958188,1,0,0,9.29585e-05
strong_shove,1.78333,0.0417573,0,1.9898,0.000167393,0,0.00519774,0.421346,1.33427,0.421386,1.33552,-0.127938,0,1.02771,2,0.5,0.152062,0,1.02771,0,0.5,0.0120616,1.02771,0.511362,0.958188,1,0,0,8.66739e-05
strong_shove,1.8,0.0417599,0,1.98988,0.000156076,0,0.00484634,0.410138,1.34555,0.410175,1.34671,-0.127938,0,1.02771,2,0.5,0.152062,0,1.02771,0,0.5,0.0120616,1.02771,0.509396,0.958188,1,0,0,8.08142e-05
strong_shove,1.81667,0.0417624,0,1.98995,0.000145525,0,0.0045187,0.398909,1.35693,0.398944,1.35802,-0.127938,0,1.02771,2,0.5,0.152062,0,1.02771,0,0.5,0.0120616,1.02771,0.507973,0.958188,1,0,0,7.53507e-05
strong_shove,1.83333,0.0417646,0,1.99002,0.000135686,0,0.00421321,0.387678,1.3684,0.387711,1.36941,-0.127938,0,1.02771,2,0.5,0.152062,0,1.02771,0,0.5,0.0120616,1.02771,0.507103,0.958188,1,0,0,7.02565e-05
strong_shove,1.85,0.0417667,0,1.99009,0.000126513,0,0.00392837,0.376463,1.37991,0.376493,1.38086,-0.127938,0,1.02771,2,0.5,0.152062,0,1.02771,0,0.5,0.0120616,1.02771,0.506789,0.958188,1,0,0,6.55067e-05
strong_shove,1.86667,0.0417687,0,1.99015,0.00011796,0,0.00366279,0.365277,1.39147,0.365306,1.39235,-0.127938,0,1.02771,2,0.5,0.152062,0,1.02771,0,0.5,0.0120616,1.02771,0.50703,0.958188,1,0,0,6.10781e-05
strong_shove,1.88333,0.0417705,0,1.99021,0.000109985,0,0.00341516,0.354138,1.40303,0.354164,1.40385,-0.127938,0,1.02771,2,0.5,0.152062,0,1.02771,0,0.5,0.0120616,1.02771,0.507818,0.958188,1,0,0,5.69488e-05
strong_shove,1.9,0.0417722,0,1.99026,0.000102549,0,0.00318427,0.343058,1.41458,0.343082,1.41534,-0.127938,0,1.02771,2,0.5,0.152062,0,1.02771,0,0.5,0.0120616,1.02771,0.509142,0.958188,1,0,0,5.30987e-05
strong_shove,1.91667,0.0417738,0,1.99031,9.56165e-05,0,0.002969,0.332053,1.4261,0.332075,1.42681,-0.127938,0,1.02771,2,0.5,0.152062,0,1.02771,0,0.5,0.0120616,1.02771,0.510985,0.958188,1,0,0,4.95089e-05
strong_shove,1.93333,0.0417753,0,1.99036,8.91522e-05,0,0.00276827,0.32114,1.43756,0.321162,1.43823,-0.127938,0,1.02771,2,0.5,0.152062,0,1.02771,0,0.5,0.0120616,1.02771,0.51333,0.958188,1,0,0,4.61618e-05
strong_shove,1.95,0.0417767,0,1.9904,8.3125e-05,0,0.00258112,0.310339,1.44896,0.310359,1.44958,-0.127938,0,1.02771,2,0.5,0.152062,0,1.02771,0,0.5,0.0120616,1.02771,0.516155,0.958188,1,0,0,4.3041e-05
strong_shove,1.96667,0.041778,0,1.99044,7.75052e-05,0,0.00240662,0.299665,1.46026,0.299683,1.46084,-0.127938,0,1.02771,2,0.5,0.152062,0,1.02771,0,0.5,0.0120616,1.02771,0.519434,0.958188,1,0,0,4.01312e-05
strong_shove,1.98333,0.0417792,0,1.99048,7.22654e-05,0,0.00224392,0.289132,1.47145,0.289149,1.47199,-0.127938,0,1.02771,2,0.5,0.152062,0,1.02771,0,0.5,0.0120616,1.02771,0.523139,0.958188,1,0,0,3.7418e-05
strong_shove,2,0.0417803,0,1.99051,6.73798e-05,0,0.00209222,0.278756,1.48252,0.278772,1.48303,-0.127938,0,1.02771,2,0.5,0.152062,0,1.02771,0,0.5,0.0120616,1.02771,0.527238,0.958188,1,0,0,3.48884e-05
strong_shove,2.01667,0.0417814,0,1.99054,6.28245e-05,0,0.00195077,0.268547,1.49346,0.268562,1.49392,-0.127938,0,1.02771,2,0.5,0.152062,0,1.02771,0,0.5,0.0120616,1.02771,0.531698,0.958188,1,0,0,3.25297e-05
strong_shove,2.03333,0.0417823,0,1.99057,5.85772e-05,0,0.00181889,0.258519,1.50424,0.258533,1.50467,-0.127938,0,1.02771,2,0.5,0.152062,0,1.02771,0,0.5,0.0120616,1.02771,0.536485,0.958188,1,0,0,3.03305e-05
strong_shove,2.05,0.0417833,0,1.9906,5.4617e-05,0,0.00169592,0.248682,1.51485,0.248695,1.51526,-0.127938,0,1.02771,2,0.5,0.152062,0,1.02771,0,0.5,0.0120616,1.02771,0.541566,0.958188,1,0,0,2.828e-05
strong_shove,2.06667,0.0417841,0,1.99063,5.09246e-05,0,0.00158126,0.239043,1.5253,0.239056,1.52568,-0.127938,0,1.02771,2,0.5,0.152062,0,1.02771,0,0.5,0.0120616,1.02771,0.54691,0.958188,1,0,0,2.63681e-05
strong_shove,2.08333,0.0417849,0,1.99065,4.74818e-05,0,0.00147436,0.229613,1.53556,0.229625,1.53592,-0.127938,0,1.02771,2,0.5,0.152062,0,1.02771,0,0.5,0.0120616,1.02771,0.552486,0.958188,1,0,0,2.45854e-05
strong_shove,2.1,0.0417856,0,1.99068,4.42717e-05,0,0.00137468,0.220398,1.54565,0.220409,1.54598,-0.127938,0,1.02771,2,0.5,0.152062,0,1.02771,0,0.5,0.0120616,1.02771,0.558265,0.958188,1,0,0,2.29233e-05
strong_shove,2.11667,0.0417863,0,1.9907,4.12787e-05,0,0.00128175,0.211404,1.55554,0.211414,1.55585,-0.127938,0,1.02771,2,0.5,0.152062,0,1.02771,0,0.5,0.0120616,1.02771,0.564216,0.958188,1,0,0,2.13735e-05
strong_shove,2.13333,0.041787,0,1.99072,3.8488e-05,0,0.00119509,0.202636,1.56524,0.202646,1.56553,-0.127938,0,1.02771,2,0.5,0.152062,0,1.02771,0,0.5,0.0120616,1.02771,0.570312,0.958188,1,0,0,1.99285e-05
strong_shove,2.15,0.0417876,0,1.99074,3.5886e-05,0,0.0011143,0.1941,1.57474,0.194108,1.57501,-0.127938,0,1.02771,2,0.5,0.152062,0,1.02771,0,0.5,0.0120616,1.02771,0.576526,0.958188,1,0,0,1.85813e-05
strong_shove,2.16667,0.0417881,0,1.99075,3.34598e-05,0,0.00103896,0.185798,1.58405,0.185806,1.5843,-0.127938,0,1.02771,2,0.5,0.152062,0,1.02771,0,0.5,0.0120616,1.02771,0.582832,0.958188,1,0,0,1.73251e-05
strong_shove,2.18333,0.0417886,0,1.99077,3.11977e-05,0,0.000968724,0.177733,1.59315,0.17774,1.59338,-0.127938,0,1.02771,2,0.5,0.152062,0,1.02771,0,0.5,0.0120616,1.02771,0.589206,0.958188,1,0,0,1.61538e-05
strong_shove,2.2,0.0417891,0,1.99078,2.90886e-05,0,0.000903232,0.169907,1.60204,0.169914,1.60226,-0.127938,0,1.02771,2,0.5,0.152062,0,1.02771,0,0.5,0.0120616,1.02771,0.595626,0.958188,1,0,0,1.50617e-05
strong_shove,2.21667,0.0417896,0,1.9908,2.7122e-05,0,0.000842168,0.162322,1.61073,0.162329,1.61093,-0.127938,0,1.02771,2,0.5,0.152062,0,1.02771,0,0.5,0.0120616,1.02771,0.60207,0.958188,1,0,0,1.40434e-05
strong_shove,2.23333,0.04179,0,1.99081,2.52884e-05,0,0.000785232,0.154978,1.61921,0.154984,1.6194,-0.127938,0,1.02771,2,0.5,0.152062,0,1.02771,0,0.5,0.0120616,1.02771,0.608519,0.958188,1,0,0,1.3094e-05
strong_shove,2.25,0.0417904,0,1.99082,2.35788e-05,0,0.000732146,0.147875,1.62748,0.147881,1.62766,-0.127938,0,1.02771,2,0.5,0.152062,0,1.02771,0,0.5,0.0120616,1.02771,0.614956,0.958188,1,0,0,1.22088e-05
strong_shove,2.26667,0.0417907,0,1.99084,2.19847e-05,0,0.000682648,0.141012,1.63555,0.141018,1.63571,-0.127938,0,1.02771,2,0.5,0.152062,0,1.02771,0,0.5,0.0120616,1.02771,0.621364,0.958188,1,0,0,1.13834e-05
strong_shove,2.28333,0.0417911,0,1.99085,2.04984e-05,0,0.000636497,0.134389,1.64341,0.134394,1.64356,-0.127938,0,1.02771,2,0.5,0.152062,0,1.02771,0,0.5,0.0120616,1.02771,0.627728,0.958188,1,0,0,1.06138e-05
strong_shove,2.3,0.0417914,0,1.99086,1.91126e-05,0,0.000593466,0.128003,1.65106,0.128008,1.6512,-0.127938,0,1.02771,2,0.5,0.152062,0,1.02771,0,0.5,0.0120616,1.02771,0.634035,0.958188,1,0,0,9.89623e-06
strong_shove,2.31667,0.0417917,0,1.99086,1.78204e-05,0,0.000553344,0.121853,1.6585,0.121858,1.65863,-0.127938,0,1.02771,2,0.5,0.152062,0,1.02771,0,0.5,0.0120616,1.02771,0.640272,0.958188,1,0,0,9.22718e-06
strong_shove,2.33333,0.041792,0,1.99087,1.66157e-05,0,0.000515934,0.115936,1.66574,0.11594,1.66586,-0.127938,0,1.02771,2,0.5,0.152062,0,1.02771,0,0.5,0.0120616,1.02771,0.64643,0.958188,1,0,0,8.60337e-06
strong_shove,2.35,0.0417922,0,1.99088,1.54923e-05,0,0.000481054,0.11025,1.67278,0.110254,1.67289,-0.127938,0,1.02771,2,0.5,0.152062,0,1.02771,0,0.5,0.0120616,1.02771,0.652497,0.958188,1,0,0,8.02173e-06
strong_shove,2.36667,0.0417925,0,1.99089,1.4445e-05,0,0.000448532,0.10479,1.67962,0.104794,1.67972,-0.127938,0,1.02771,2,0.5,0.152062,0,1.02771,0,0.5,0.0120616,1.02771,0.658465,0.958188,1,0,0,7.47941e-06
strong_shove,2.38333,0.0417927,0,1.9909,1.34684e-05,0,0.000418208,0.0995539,1.68625,0.0995571,1.68635,-0.127938,0,1.02771,2,0.5,0.152062,0,1.02771,0,0.5,0.0120616,1.02771,0.664328,0.958188,1,0,0,6.97375e-06
strong_shove,2.4,0.0417929,0,1.9909,1.25579e-05,0,0.000389935,0.0945372,1.6927,0.0945403,1.69279,-0.127938,0,1.02771,2,0.5,0.152062,0,1.02771,0,0.5,0.0120616,1.02771,0.670079,0.958188,1,0,0,6.50229e-06
strong_shove,2.41667,0.0417931,0,1.99091,1.17089e-05,0,0.000363573,0.0897362,1.69894,0.089739,1.69903,-0.127938,0,1.02771,2,0.5,0.152062,0,1.02771,0,0.5,0.0120616,1.02771,0.675712,0.958188,1,0,0,6.06269e-06
strong_shove,2.43333,0.0417933,0,1.99091,1.09173e-05,0,0.000338993,0.0851464,1.705,0.085149,1.70508,-0.127938,0,1.02771,2,0.5,0.152062,0,1.02771,0,0.5,0.0120616,1.02771,0.681223,0.958188,1,0,0,5.65282e-06
strong_shove,2.45,0.0417935,0,1.99092,1.01792e-05,0,0.000316075,0.0807634,1.71087,0.0807658,1.71095,-0.127938,0,1.02771,2,0.5,0.152062,0,1.02771,0,0.5,0.0120616,1.02771,0.686607,0.958188,1,0,0,5.27065e-06
strong_shove,2.46667,0.0417936,0,1.99092,9.49102e-06,0,0.000294707,0.0765825,1.71656,0.0765848,1.71663,-0.127938,0,1.02771,2,0.5,0.152062,0,1.02771,0,0.5,0.0120616,1.02771,0.691862,0.958188,1,0,0,4.91432e-06
strong_shove,2.48333,0.0417938,0,1.99093,8.84937e-06,0,0.000274783,0.072599,1.72206,0.0726011,1.72213,-0.127938,0,1.02771,2,0.5,0.152062,0,1.02771,0,0.5,0.0120616,1.02771,0.696986,0.958188,1,0,0,4.58208e-06
strong_shove,2.5,0.0417939,0,1.99093,8.2511e-06,0,0.000256206,0.0688079,1.72739,0.0688098,1.72745,-0.127938,0,1.02771,2,0.5,0.152062,0,1.02771,0,0.5,0.0120616,1.02771,0.701976,0.958188,1,0,0,4.27231e-06
strong_shove,2.51667,0.041794,0,1.99094,7.69327e-06,0,0.000238884,0.0652042,1.73254,0.065206,1.7326,-0.127938,0,1.02771,2,0.5,0.152062,0,1.02771,0,0.5,0.0120616,1.02771,0.706831,0.958188,1,0,0,3.98347e-06
strong_shove,2.53333,0.0417942,0,1.99094,7.17316e-06,0,0.000222734,0.0617828,1.73752,0.0617845,1.73758,-0.127938,0,1.02771,2,0.5,0.152062,0,1.02771,0,0.5,0.0120616,1.02771,0.71155,0.958188,1,0,0,3.71417e-06
strong_shove,2.55,0.0417943,0,1.99094,6.68821e-06,0,0.000207676,0.0585387,1.74234,0.0585403,1.74239,-0.127938,0,1.02771,2,0.5,0.152062,0,1.02771,0,0.5,0.0120616,1.02771,0.716134,0.958188,1,0,0,3.46306e-06
strong_shove,2.56667,0.0417944,0,1.99095,6.23605e-06,0,0.000193636,0.0554665,1.74699,0.055468,1.74703,-0.127938,0,1.02771,2,0.5,0.152062,0,1.02771,0,0.5,0.0120616,1.02771,0.720582,0.958188,1,0,0,3.22894e-06
strong_shove,2.58333,0.0417945,0,1.99095,5.81445e-06,0,0.000180545,0.0525611,1.75148,0.0525625,1.75152,-0.127938,0,1.02771,2,0.5,0.152062,0,1.02771,0,0.5,0.0120616,1.02771,0.724896,0.958188,1,0,0,3.01064e-06
strong_shove,2.6,0.0417946,0,1.99095,5.42136e-06,0,0.000168339,0.0498173,1.75581,0.0498186,1.75585,-0.127938,0,1.02771,2,0.5,0.152062,0,1.02771,0,0.5,0.0120616,1.02771,0.729074,0.958188,1,0,0,2.80711e-06
strong_shove,2.61667,0.0417946,0,1.99096,5.05484e-06,0,0.000156958,0.0472298,1.75999,0.047231,1.76003,-0.127938,0,1.02771,2,0.5,0.152062,0,1.02771,0,0.5,0.0120616,1.02771,0.73312,0.958188,1,0,0,2.61733e-06
strong_shove,2.63333,0.0417947,0,1.99096,4.7131e-06,0,0.000146347,0.0447935,1.76402,0.0447946,1.76405,-0.127938,0,1.02771,2,0.5,0.152062,0,1.02771,0,0.5,0.0120616,1.02771,0.737034,0.958188,1,0,0,2.44038e-06
strong_shove,2.65,0.0417948,0,1.99096,4.39447e-06,0,0.000136453,0.042503,1.7679,0.0425041,1.76794,-0.127938,0,1.02771,2,0.5,0.152062,0,1.02771,0,0.5,0.0120616,1.02771,0.740818,0.958188,1,0,0,2.2754e-06
strong_shove,2.66667,0.0417949,0,1.99096,4.09738e-06,0,0.000127228,0.0403534,1.77165,0.0403543,1.77168,-0.127938,0,1.02771,2,0.5,0.152062,0,1.02771,0,0.5,0.0120616,1.02771,0.744474,0.958188,1,0,0,2.12157e-06
strong_shove,2.68333,0.0417949,0,1.99096,3.82037e-06,0,0.000118627,0.0383394,1.77525,0.0383403,1.77528,-0.127938,0,1.02771,2,0.5,0.152062,0,1.02771,0,0.5,0.0120616,1.02771,0.748004,0.958188,1,0,0,1.97813e-06
strong_shove,2.7,0.041795,0,1.99097,3.56209e-06,0,0.000110607,0.036456,1.77873,0.0364569,1.77875,-0.127938,0,1.02771,2,0.5,0.152062,0,1.02771,0,0.5,0.0120616,1.02771,0.75141,0.958188,1,0,0,1.8444e-06
strong_shove,2.71667,0.041795,0,1.99097,3.32127e-06,0,0.000103129,0.0346983,1.78207,0.0346991,1.78209,-0.127938,0,1.02771,2,0.5,0.152062,0,1.02771,0,0.5,0.0120616,1.02771,0.754694,0.958188,1,0,0,1.71971e-06
strong_shove,2.73333,0.0417951,0,1.99097,3.09673e-06,0,9.61568e-05,0.0330614,1.78528,0.0330621,1.7853,-0.127938,0,1.02771,2,0.5,0.152062,0,1.02771,0,0.5,0.0120616,1.02771,0.757859,0.958188,1,0,0,1.60344e-06
strong_shove,2.75,0.0417951,0,1.99097,2.88737e-06,0,8.9656e-05,0.0315403,1.78837,0.031541,1.78839,-0.127938,0,1.02771,2,0.5,0.152062,0,1.02771,0,0.5,0.0120616,1.02771,0.760908,0.958188,1,0,0,1.49504e-06
strong_shove,2.76667,0.0417952,0,1.99097,2.69217e-06,0,8.35947e-05,0.0301303,1.79134,0.030131,1.79136,-0.127938,0,1.02771,2,0.5,0.152062,0,1.02771,0,0.5,0.0120616,1.02771,0.763843,0.958188,1,0,0,1.39397e-06
strong_shove,2.78333,0.0417952,0,1.99097,2.51016e-06,0,7.79432e-05,0.0288268,1.7942,0.0288274,1.79421,-0.127938,0,1.02771,2,0.5,0.152062,0,1.02771,0,0.5,0.0120616,1.02771,0.766667,0.958188,1,0,0,1.29973e-06
strong_shove,2.8,0.0417953,0,1.99098,2.34046e-06,0,7.26738e-05,0.0276252,1.79694,0.0276257,1.79695,-0.127938,0,1.02771,2,0.5,0.152062,0,1.02771,0,0.5,0.0120616,1.02771,0.769382,0.958188,1,0,0,1.21186e-06
strong_shove,2.81667,0.0417953,0,1.99098,2.18223e-06,0,6.77606e-05,0.026521,1.79957,0.0265215,1.79958,-0.127938,0,1.02771,2,0.5,0.152062,0,1.02771,0,0.5,0.0120616,1.02771,0.771991,0.958188,1,0,0,1.12993e-06
strong_shove,2.83333,0.0417953,0,1.99098,2.0347e-06,0,6.31796e-05,0.0255097,1.80209,0.0255102,1.80211,-0.127938,0,1.02771,2,0.5,0.152062,0,1.02771,0,0.5,0.0120616,1.02771,0.774498,0.958188,1,0,0,1.05354e-06
strong_shove,2.85,0.0417954,0,1.99098,1.89714e-06,0,5.89082e-05,0.0245872,1.80452,0.0245877,1.80453,-0.127938,0,1.02771,2,0.5,0.152062,0,1.02771,0,0.5,0.0120616,1.02771,0.776905,0.958188,1,0,0,9.82313e-07
strong_shove,2.86667,0.0417954,0,1.99098,1.76888e-06,0,5.49257e-05,0.0237493,1.80684,0.0237497,1.80685,-0.127938,0,1.02771,2,0.5,0.152062,0,1.02771,0,0.5,0.0120616,1.02771,0.779214,0.958188,1,0,0,9.15902e-07
strong_shove,2.88333,0.0417954,0,1.99098,1.64929e-06,0,5.12124e-05,0.0229918,1.80906,0.0229922,1.80908,-0.127938,0,1.02771,2,0.5,0.152062,0,1.02771,0,0.5,0.0120616,1.02771,0.781429,0.958188,1,0,0,8.53982e-07
strong_shove,2.9,0.0417954,0,1.99098,1.53779e-06,0,4.77501e-05,0.0223109,1.8112,0.0223112,1.81121,-0.127938,0,1.02771,2,0.5,0.152062,0,1.02771,0,0.5,0.0120616,1.02771,0.783553,0.958188,1,0,0,7.96247e-07
strong_shove,2.91667,0.0417955,0,1.99098,1.43383e-06,0,4.45219e-05,0.0217025,1.81324,0.0217029,1.81325,-0.127938,0,1.02771,2,0.5,0.152062,0,1.02771,0,0.5,0.0120616,1.02771,0.785587,0.958188,0,0,0,7.42416e-07
strong_shove,2.93333,0.0418446,0,1.98935,0.00294879,0,-0.0976774,0.0213421,1.8137,0.0220498,1.79025,-0.127938,0,1.02771,1,0.380952,0.152062,0,1.02771,0,0.619048,0.0453949,1.02771,0.786352,0.967247,0,0,0,0.0016287
strong_shove,2.95,0.0420523,0,1.98557,0.0124613,0,-0.22701,0.0213958,1.81202,0.0243865,1.75754,-0.127938,0,1.02771,1,0.261905,0.152062,0,1.02771,0,0.738095,0.0787283,1.02771,0.786405,0.974343,0,0,0,0.0037892
strong_shove,2.96667,0.042517,0,1.9796,0.0278789,0,-0.358395,0.0220125,1.80818,0.0287034,1.72216,-0.127938,0,1.02771,1,0.142857,0.152062,0,1.02771,0,0.857143,0.112062,1.02771,0.785644,0.973603,0,0,0,0.00599129
strong_shove,2.98333,0.043393,0,1.97121,0.0525642,0,-0.503354,0.0234046,1.80192,0.03602,1.68111,-0.127938,0,1.02771,1,0.0238095,0.152062,0,1.02771,0,0.976191,0.145395,1.02771,0.783758,0.979322,0,0,0,0.00843486
strong_shove,3,0.0446871,0,1.96036,0.0776439,0,-0.651157,0.0255474,1.79319,0.044182,1.63691,-0.127938,0,1.02771,2,0,0.152062,0,1.02771,0,1,0.152062,1.02771,0.775858,0.983802,0,0,0,0.0109295
strong_shove,3.01667,0.0463883,0,1.94709,0.102074,0,-0.79595,0.0283981,1.78202,0.052896,1.59099,-0.12331,0.0298032,1.15978,2,0,0.152062,0,1.02771,0,1,0.152062,1.02771,0.764378,0.987312,0,0,0,0.0133745
strong_shove,3.03333,0.0484773,0,1.93151,0.125338,0,-0.934965,0.0319042,1.76851,0.0619854,1.54412,-0.118677,0.0571957,1.29197,2,0,0.152062,0,1.02771,0,1,0.152062,1.02771,0.750477,0.989268,0,0,0,0.0157221
strong_shove,3.05,0.0509321,0,1.91371,0.147289,0,-1.06759,0.0360103,1.75275,0.0713596,1.49652,-0.114059,0.0795785,1.42375,2,0,0.152062,0,1.02771,0,1,0.152062,1.02771,0.734263,0.982801,0,0,0,0.0179617
strong_shove,3.06667,0.0537287,0,1.89383,0.167795,0,-1.19325,0.0406587,1.73484,0.0809296,1.44846,-0.109471,0.0950089,1.55466,2,0,0.152062,0,1.02771,0,1,0.152062,1.02771,0.715853,0.969573,0,0,0,0.0200831
strong_shove,3.08333,0.0568412,0,1.87197,0.186748,0,-1.31141,0.0457902,1.71492,0.0906097,1.40018,-0.104927,0.102323,1.68431,2,0,0.152062,0,1.02771,0,1,0.152062,1.02771,0.695373,0.949835,0,0,0,0.0220774
strong_shove,3.1,0.0602421,0,1.84828,0.204055,0,-1.4216,0.0513443,1.69309,0.100317,1.35191,-0.10044,0.101239,1.81234,2,0,0.152062,0,1.02771,0,1,0.152062,1.02771,0.672959,0.923875,0,0,0,0.0239362
strong_shove,3.11667,0.0639028,0,1.82289,0.219644,0,-1.52336,0.0628659,1.63501,0.115581,1.2694,-0.0960204,0.0923196,1.93844,2,0,0.152062,0,1.02771,0,1,0.152062,1.02771,0.61381,0.89202,1,0,0,0.025652
strong_shove,3.13333,0.0673161,0,1.79921,0.204795,0,-1.42038,0.0724108,1.57966,0.121562,1.23877,-0.0952825,0.093544,1.93268,2,0,0.153982,0.00464372,1.05568,0,0,0.0673161,1.79921,0.21961,0.89202,1,0,0,0.0239177
strong_shove,3.15,0.0704986,0,1.77714,0.19095,0,-1.32435,0.082468,1.52696,0.128296,1.20912,-0.0945446,0.0947057,1.92692,2,0,0.155902,0.00922464,1.08365,0,0,0.0704986,1.77714,0.250465,0.89202,1,0,0,0.0223007
strong_shove,3.16667,0.0734659,0,1.75656,0.17804,0,-1.23482,0.0929896,1.47681,0.135719,1.18045,-0.0938067,0.0957426,1.92116,2,0,0.157822,0.0136808,1.11162,0,0,0.0734659,1.75656,0.280432,0.89202,1,0,0,0.0207931
strong_shove,3.18333,0.0762326,0,1.73737,0.166004,0,-1.15133,0.10393,1.42911,0.143771,1.15279,-0.0930688,0.0965946,1.9154,2,0,0.159742,0.017952,1.13959,0,0,0.0762326,1.73737,0.309505,0.89202,1,0,0,0.0193873
strong_shove,3.2,0.0788123,0,1.71948,0.154781,0,-1.0735,0.115244,1.38377,0.152391,1.12613,-0.0923309,0.0972037,1.90963,2,0,0.161662,0.0219804,1.16756,0,0,0.0788123,1.71948,0.337682,0.89202,1,0,0,0.0180766
strong_shove,3.21667,0.0812176,0,1.7028,0.144317,0,-1.00092,0.126891,1.3407,0.161527,1.10048,-0.091593,0.0975156,1.90387,2,0,0.163582,0.0257115,1.19553,0,0,0.0812176,1.7028,0.364971,0.89202,1,0,0,0.0168545
strong_shove,3.23333,0.0834602,0,1.68724,0.13456,0,-0.933253,0.138829,1.2998,0.171123,1.07582,-0.0908551,0.0974798,1.89811,2,0,0.165502,0.0290949,1.2235,0,0,0.0834602,1.68724,0.391378,0.89202,1,0,0,0.0157151
strong_shove,3.25,0.0855513,0,1.67274,0.125463,0,-0.87016,0.151021,1.261,0.181132,1.05216,-0.0901172,0.0970505,1.89235,2,0,0.167422,0.0320849,1.25147,0,0,0.0855513,1.67274,0.416918,0.89202,1,0,0,0.0146526
strong_shove,3.26667,0.087501,0,1.65922,0.116981,0,-0.811332,0.163429,1.22419,0.191504,1.02947,-0.0893793,0.0961874,1.88659,2,0,0.169342,0.034641,1.27944,0,0,0.087501,1.65922,0.441603,0.89202,1,0,0,0.013662
strong_shove,3.28333,0.0893188,0,1.64661,0.109072,0,-0.756481,0.176018,1.1893,0.202195,1.00775,-0.0886414,0.0948558,1.88083,2,0,0.171262,0.0367286,1.30741,0,0,0.0893188,1.64661,0.465452,0.89202,1,0,0,0.0127384
strong_shove,3.3,0.0910138,0,1.63486,0.101698,0,-0.705338,0.188755,1.15625,0.213162,0.986971,-0.0879035,0.0930275,1.87507,2,0,0.173182,0.0383196,1.33538,0,0,0.0910138,1.63486,0.488482,0.89202,1,0,0,0.0118772
strong_shove,3.31667,0.0925942,0,1.62389,0.0948228,0,-0.657653,0.201607,1.12495,0.224365,0.967114,-0.0871656,0.0906809,1.86931,2,0,0.175102,0.0393923,1.36334,0,0,0.0925942,1.62389,0.510714,0.89202,1,0,0,0.0110742
strong_shove,3.33333,0.0940677,0,1.61367,0.0884122,0,-0.613191,0.214545,1.09532,0.235764,0.948158,-0.0864277,0.0878017,1.86354,2,0,0.177022,0.0399323,1.39131,0,0,0.0940677,1.61367,0.532168,0.89202,1,0,0,0.0103255
strong_shove,3.35,0.0954417,0,1.60415,0.082435,0,-0.571736,0.227541,1.06729,0.247325,0.930076,-0.0856898,0.0843825,1.85778,2,0,0.178942,0.0399323,1.41928,0,0,0.0954417,1.60415,0.552866,0.89202,1,0,0,0.00962747
strong_shove,3.36667,0.0967227,0,1.59526,0.0768619,0,-0.533083,0.240565,1.04078,0.259012,0.912845,-0.0849519,0.0804232,1.85202,2,0,0.180862,0.0393923,1.44725,0,0,0.0967227,1.59526,0.57283,0.89202,1,0,0,0.00897659
strong_shove,3.38333,0.0979171,0,1.58698,0.0716655,0,-0.497043,0.253595,1.01573,0.270794,0.896436,-0.084214,0.0759312,1.84626,2,0,0.182782,0.0383196,1.47522,0,0,0.0979171,1.58698,0.592084,0.89202,1,0,0,0.00836972
strong_shove,3.4,0.0990308,0,1.57925,0.0668205,0,-0.46344,0.266604,0.992047,0.282641,0.880822,-0.0834761,0.070921,1.8405,2,0,0.184702,0.0367286,1.50319,0,0,0.0990308,1.57925,0.610648,0.89202,1,0,0,0.00780388
strong_shove,3.41667,0.100069,0,1.57205,0.062303,0,-0.432109,0.279571,0.969681,0.294524,0.865975,-0.0827382,0.0654142,1.83474,2,0,0.186622,0.034641,1.53116,0,0,0.100069,1.57205,0.628546,0.89202,1,0,0,0.00727628
strong_shove,3.43333,0.101037,0,1.56534,0.058091,0,-0.402895,0.292475,0.948562,0.306417,0.851867,-0.0820003,0.0594388,1.82898,2,0,0.188542,0.0320849,1.55913,0,0,0.101037,1.56534,0.645801,0.89202,1,0,0,0.00678436
strong_shove,3.45,0.10194,0,1.55908,0.0541637,0,-0.375657,0.305297,0.928627,0.318296,0.838469,-0.0812625,0.0530296,1.82322,2,0,0.190462,0.0290949,1.5871,0,0,0.10194,1.55908,0.662434,0.89202,1,0,0,0.0063257
strong_shove,3.46667,0.102782,0,1.55324,0.0505019,0,-0.35026,0.318017,0.909816,0.330137,0.825754,-0.0805246,0.0462269,1.81745,2,0,0.192383,0.0257115,1.61507,0,0,0.102782,1.55324,0.678467,0.89202,1,0,0,0.00589804
strong_shove,3.48333,0.103567,0,1.54779,0.0470876,0,-0.326581,0.33062,0.892072,0.341921,0.813692,-0.0797867,0.0390765,1.81169,2,0,0.194303,0.0219803,1.64304,0,0,0.103567,1.54779,0.69392,0.89202,1,0,0,0.0054993
strong_shove,3.5,0.104298,0,1.54272,0.0439042,0,-0.304502,0.343089,0.875337,0.353626,0.802257,-0.0790488,0.0316289,1.80593,2,0,0.196223,0.0179519,1.67101,0,0,0.104298,1.54272,0.708816,0.89202,1,0,0,0.00512751
strong_shove,3.51667,0.104981,0,1.53799,0.040936,0,-0.283916,0.355411,0.85956,0.365236,0.79142,-0.0783109,0.0239385,1.80017,2,0,0.198143,0.0136808,1.69898,0,0,0.104981,1.53799,0.723174,0.89202,1,0,0,0.00478086
strong_shove,3.53333,0.105617,0,1.53358,0.0381685,0,-0.264721,0.367573,0.844688,0.376734,0.781155,-0.077573,0.016063,1.79441,2,0,0.200063,0.00922459,1.72695,0,0,0.105617,1.53358,0.737012,0.89202,1,0,0,0.00445765
strong_shove,3.55,0.10621,0,1.52946,0.0355881,0,-0.246824,0.379563,0.830674,0.388104,0.771436,-0.0768351,0.00806287,1.78865,2,0,0.201983,0.00464366,1.75492,0,0,0.10621,1.52946,0.750351,0.89202,1,0,0,0.00415628
strong_shove,3.56667,0.106763,0,1.52563,0.0331821,0,-0.230138,0.391371,0.81747,0.399335,0.762237,-0.0760972,0,1.78289,2,0,0.203903,0,1.78289,0,0,0.106763,1.52563,0.763209,0.89202,1,0,0,0.00387529
strong_shove,3.58333,0.107279,0,1.52205,0.0309388,0,-0.214579,0.402987,0.805032,0.410413,0.753533,-0.0760972,0,1.78289,2,0.0219298,0.203903,0,1.78289,0,0.0219298,0.0639028,1.78289,1.03498,0.89202,1,0,0,0.0036133
strong_shove,3.6,0.107759,0,1.51872,0.0288471,0,-0.200072,0.414404,0.793318,0.421327,0.745301,-0.0760972,0,1.78289,2,0.0438597,0.203903,0,1.78289,0,0.0438597,0.0639028,1.78289,1.04981,0.89202,1,0,0,0.00336902
strong_shove,3.61667,0.108208,0,1.51561,0.0268969,0,-0.186546,0.425613,0.782288,0.432068,0.737517,-0.0760972,0,1.78289,2,0.0657895,0.203903,0,1.78289,0,0.0657895,0.0639028,1.78289,1.06397,0.89202,1,0,0,0.00314125
strong_shove,3.63333,0.108626,0,1.51271,0.0250785,0,-0.173934,0.436608,0.771902,0.442627,0.730158,-0.0760972,0,1.78289,2,0.0877193,0.203903,0,1.78289,0,0.0877193,0.0639028,1.78289,1.0775,0.89202,1,0,0,0.00292888
strong_shove,3.65,0.109015,0,1.51,0.023383,0,-0.162175,0.447385,0.762126,0.452997,0.723204,-0.0760972,0,1.78289,2,0.109649,0.203903,0,1.78289,0,0.109649,0.0639028,1.78289,1.09042,0.89202,1,0,0,0.00273087
strong_shove,3.66667,0.109379,0,1.50748,0.0218022,0,-0.151211,0.457939,0.752923,0.463172,0.716633,-0.0760972,0,1.78289,2,0.131579,0.203903,0,1.78289,0,0.131579,0.0639028,1.78289,1.10276,0.89202,1,0,0,0.00254625
strong_shove,3.68333,0.109717,0,1.50513,0.0203282,0,-0.140988,0.468266,0.744263,0.473144,0.710425,-0.0760972,0,1.78289,2,0.153509,0.203903,0,1.78289,0,0.153509,0.0639028,1.78289,1.11456,0.89202,1,0,0,0.00237411
strong_shove,3.7,0.110033,0,1.50294,0.0189539,0,-0.131457,0.478363,0.736112,0.482912,0.704562,-0.0760972,0,1.78289,2,0.175439,0.203903,0,1.78289,0,0.175439,0.0639028,1.78289,1.12584,0.89202,1,0,0,0.0022136
strong_shove,3.71667,0.110328,0,1.5009,0.0176725,0,-0.122569,0.488228,0.728442,0.492469,0.699026,-0.0760972,0,1.78289,2,0.197368,0.203903,0,1.78289,0,0.197368,0.0639028,1.78289,1.13662,0.89202,1,0,0,0.00206395
strong_shove,3.73333,0.110603,0,1.499,0.0164777,0,-0.114283,0.497859,0.721226,0.501814,0.693798,-0.0760972,0,1.78289,2,0.219298,0.203903,0,1.78289,0,0.219298,0.0639028,1.78289,1.14693,0.89202,1,0,0,0.00192441
strong_shove,3.75,0.110859,0,1.49722,0.0153637,0,-0.106557,0.507256,0.714436,0.510944,0.688862,-0.0760972,0,1.78289,2,0.241228,0.203903,0,1.78289,0,0.241228,0.0639028,1.78289,1.15678,0.89202,1,0,0,0.00179431
strong_shove,3.76667,0.111097,0,1.49556,0.0143251,0,-0.0993529,0.516419,0.708047,0.519857,0.684203,-0.0760972,0,1.78289,2,0.263158,0.203903,0,1.78289,0,0.263158,0.0639028,1.78289,1.16621,0.89202,1,0,0,0.001673
strong_shove,3.78333,0.11132,0,1.49402,0.0133566,0,-0.092636,0.525348,0.702037,0.528553,0.679805,-0.0760972,0,1.78289,2,0.285088,0.203903,0,1.78289,0,0.285088,0.0639028,1.78289,1.17523,0.89202,1,0,0,0.0015599
strong_shove,3.8,0.111528,0,1.49258,0.0124536,0,-0.0863732,0.534043,0.696383,0.537032,0.675654,-0.0760972,0,1.78289,2,0.307018,0.203903,0,1.78289,0,0.307018,0.0639028,1.78289,1.18386,0.89202,1,0,0,0.00145444
strong_shove,3.81667,0.111721,0,1.49124,0.0116117,0,-0.0805339,0.542506,0.691064,0.545292,0.671736,-0.0760972,0,1.78289,2,0.328947,0.203903,0,1.78289,0,0.328947,0.0639028,1.78289,1.19211,0.89202,1,0,0,0.00135611
strong_shove,3.83333,0.111901,0,1.48999,0.0108267,0,-0.0750893,0.550738,0.686061,0.553336,0.668039,-0.0760972,0,1.78289,2,0.350877,0.203903,0,1.78289,0,0.350877,0.0639028,1.78289,1.20001,0.89202,1,0,0,0.00126443
strong_shove,3.85,0.11207,0,1.48882,0.0100947,0,-0.0700128,0.558742,0.681353,0.561165,0.66455,-0.0760972,0,1.78289,2,0.372807,0.203903,0,1.78289,0,0.372807,0.0639028,1.78289,1.20758,0.89202,1,0,0,0.00117895
strong_shove,3.86667,0.112227,0,1.48773,0.00941224,0,-0.0652795,0.56652,0.676925,0.568779,0.661258,-0.0760972,0,1.78289,2,0.394737,0.203903,0,1.78289,0,0.394737,0.0639028,1.78289,1.21481,0.89202,1,0,0,0.00109924
strong_shove,3.88333,0.112373,0,1.48672,0.00877592,0,-0.0608662,0.574074,0.672759,0.57618,0.658151,-0.0760972,0,1.78289,2,0.416667,0.203903,0,1.78289,0,0.416667,0.0639028,1.78289,1.22174,0.89202,1,0,0,0.00102493
strong_shove,3.9,0.112509,0,1.48577,0.00818261,0,-0.0567513,0.581408,0.66884,0.583372,0.65522,-0.0760972,0,1.78289,2,0.438597,0.203903,0,1.78289,0,0.438597,0.0639028,1.78289,1.22838,0.89202,1,0,0,0.000955635
strong_shove,3.91667,0.112636,0,1.48489,0.00762941,0,-0.0529145,0.588524,0.665154,0.590355,0.652454,-0.0760972,0,1.78289,2,0.460526,0.203903,0,1.78289,0,0.460526,0.0639028,1.78289,1.23473,0.89202,1,0,0,0.000891029
strong_shove,3.93333,0.112755,0,1.48407,0.00711362,0,-0.0493372,0.595427,0.661685,0.597134,0.649844,-0.0760972,0,1.78289,2,0.482456,0.203903,0,1.78289,0,0.482456,0.0639028,1.78289,1.24081,0.89202,1,0,0,0.00083079
strong_shove,3.95,0.112866,0,1.4833,0.00663269,0,-0.0460017,0.602119,0.658422,0.603711,0.647382,-0.0760972,0,1.78289,2,0.5,0.203903,0,1.78289,0,0.5,0.0639028,1.78289,1.24663,0.89202,1,0,0,0.000774623
strong_shove,3.96667,0.112969,0,1.48259,0.00618428,0,-0.0428917,0.608605,0.655352,0.610089,0.645058,-0.0760972,0,1.78289,2,0.5,0.203903,0,1.78289,0,0.5,0.0639028,1.78289,1.25221,0.89202,1,0,0,0.000722254
strong_shove,3.98333,0.113065,0,1.48192,0.00576619,0,-0.0399919,0.614888,0.652464,0.616272,0.642866,-0.0760972,0,1.78289,2,0.5,0.203903,0,1.78289,0,0.5,0.0639028,1.78289,1.25755,0.89202,1,0,0,0.000673425
